K_v_per_v_per_m,time_s,E_v_per_m,V_out_v,note
0.0,-200.0,5.244591327395431e-09,0.0,"K is parameterized, not calibrated"
0.0,-196.0,5.543950318607664e-09,0.0,"K is parameterized, not calibrated"
0.0,-192.0,5.8659474543158215e-09,0.0,"K is parameterized, not calibrated"
0.0,-188.0,6.212702413427765e-09,0.0,"K is parameterized, not calibrated"
0.0,-184.0,6.586569698233241e-09,0.0,"K is parameterized, not calibrated"
0.0,-180.0,6.990168347845421e-09,0.0,"K is parameterized, not calibrated"
0.0,-176.0,7.426415810729921e-09,0.0,"K is parameterized, not calibrated"
0.0,-172.0,7.898566597591152e-09,0.0,"K is parameterized, not calibrated"
0.0,-168.0,8.410256429734583e-09,0.0,"K is parameterized, not calibrated"
0.0,-164.0,8.965552704563501e-09,0.0,"K is parameterized, not calibrated"
0.0,-160.0,9.569012219902556e-09,0.0,"K is parameterized, not calibrated"
0.0,-156.0,1.0225747232707627e-08,0.0,"K is parameterized, not calibrated"
0.0,-152.0,1.094150107496334e-08,0.0,"K is parameterized, not calibrated"
0.0,-148.0,1.1722734708423116e-08,0.0,"K is parameterized, not calibrated"
0.0,-144.0,1.2576725766504146e-08,0.0,"K is parameterized, not calibrated"
0.0,-140.0,1.3511681799173873e-08,0.0,"K is parameterized, not calibrated"
0.0,-136.0,1.4536869593422089e-08,0.0,"K is parameterized, not calibrated"
0.0,-132.0,1.5662762569328785e-08,0.0,"K is parameterized, not calibrated"
0.0,-128.0,1.6901208321100063e-08,0.0,"K is parameterized, not calibrated"
0.0,-124.0,1.8265618340401005e-08,0.0,"K is parameterized, not calibrated"
0.0,-120.0,1.9771181761588248e-08,0.0,"K is parameterized, not calibrated"
0.0,-116.0,2.143510451115935e-08,0.0,"K is parameterized, not calibrated"
0.0,-112.0,2.327687439162102e-08,0.0,"K is parameterized, not calibrated"
0.0,-108.0,2.5318551190617286e-08,0.0,"K is parameterized, not calibrated"
0.0,-104.0,2.758507860948806e-08,0.0,"K is parameterized, not calibrated"
0.0,-100.0,3.010461127797415e-08,0.0,"K is parameterized, not calibrated"
0.0,-96.0,3.2908844856028e-08,0.0,"K is parameterized, not calibrated"
0.0,-92.0,3.60333295448779e-08,0.0,"K is parameterized, not calibrated"
0.0,-88.0,3.951773636609155e-08,0.0,"K is parameterized, not calibrated"
0.0,-84.0,4.3406030238456664e-08,0.0,"K is parameterized, not calibrated"
0.0,-80.0,4.77464829275686e-08,0.0,"K is parameterized, not calibrated"
0.0,-76.0,5.259143103989547e-08,0.0,"K is parameterized, not calibrated"
0.0,-72.0,5.799664827921191e-08,0.0,"K is parameterized, not calibrated"
0.0,-68.0,6.402015685732226e-08,0.0,"K is parameterized, not calibrated"
0.0,-64.0,7.072025171862963e-08,0.0,"K is parameterized, not calibrated"
0.0,-60.0,7.815245799974879e-08,0.0,"K is parameterized, not calibrated"
0.0,-56.0,8.636509769464379e-08,0.0,"K is parameterized, not calibrated"
0.0,-52.0,9.53931257666402e-08,0.0,"K is parameterized, not calibrated"
0.0,-48.0,1.0524994150503182e-07,0.0,"K is parameterized, not calibrated"
0.0,-44.0,1.159170350654217e-07,0.0,"K is parameterized, not calibrated"
0.0,-40.0,1.2733165119705218e-07,0.0,"K is parameterized, not calibrated"
0.0,-36.0,1.393732003609914e-07,0.0,"K is parameterized, not calibrated"
0.0,-32.0,1.5184994824817004e-07,0.0,"K is parameterized, not calibrated"
0.0,-28.0,1.6448851058027083e-07,0.0,"K is parameterized, not calibrated"
0.0,-24.0,1.7692966343390174e-07,0.0,"K is parameterized, not calibrated"
0.0,-20.0,1.8873454539182632e-07,0.0,"K is parameterized, not calibrated"
0.0,-16.0,1.994049103029529e-07,0.0,"K is parameterized, not calibrated"
0.0,-12.0,2.0841915282665689e-07,0.0,"K is parameterized, not calibrated"
0.0,-8.0,2.1528223270229744e-07,0.0,"K is parameterized, not calibrated"
0.0,-4.0,2.195830199344669e-07,0.0,"K is parameterized, not calibrated"
0.0,0.0,2.2104853207207685e-07,0.0,"K is parameterized, not calibrated"
0.0,4.0,2.195830199344669e-07,0.0,"K is parameterized, not calibrated"
0.0,8.0,2.1528223270229744e-07,0.0,"K is parameterized, not calibrated"
0.0,12.0,2.0841915282665689e-07,0.0,"K is parameterized, not calibrated"
0.0,16.0,1.994049103029529e-07,0.0,"K is parameterized, not calibrated"
0.0,20.0,1.8873454539182632e-07,0.0,"K is parameterized, not calibrated"
0.0,24.0,1.7692966343390174e-07,0.0,"K is parameterized, not calibrated"
0.0,28.0,1.6448851058027083e-07,0.0,"K is parameterized, not calibrated"
0.0,32.0,1.5184994824817004e-07,0.0,"K is parameterized, not calibrated"
0.0,36.0,1.393732003609914e-07,0.0,"K is parameterized, not calibrated"
0.0,40.0,1.2733165119705218e-07,0.0,"K is parameterized, not calibrated"
0.0,44.0,1.159170350654217e-07,0.0,"K is parameterized, not calibrated"
0.0,48.0,1.0524994150503182e-07,0.0,"K is parameterized, not calibrated"
0.0,52.0,9.53931257666402e-08,0.0,"K is parameterized, not calibrated"
0.0,56.0,8.636509769464379e-08,0.0,"K is parameterized, not calibrated"
0.0,60.0,7.815245799974879e-08,0.0,"K is parameterized, not calibrated"
0.0,64.0,7.072025171862963e-08,0.0,"K is parameterized, not calibrated"
0.0,68.0,6.402015685732226e-08,0.0,"K is parameterized, not calibrated"
0.0,72.0,5.799664827921191e-08,0.0,"K is parameterized, not calibrated"
0.0,76.0,5.259143103989547e-08,0.0,"K is parameterized, not calibrated"
0.0,80.0,4.77464829275686e-08,0.0,"K is parameterized, not calibrated"
0.0,84.0,4.3406030238456664e-08,0.0,"K is parameterized, not calibrated"
0.0,88.0,3.951773636609155e-08,0.0,"K is parameterized, not calibrated"
0.0,92.0,3.60333295448779e-08,0.0,"K is parameterized, not calibrated"
0.0,96.0,3.2908844856028e-08,0.0,"K is parameterized, not calibrated"
0.0,100.0,3.010461127797415e-08,0.0,"K is parameterized, not calibrated"
0.0,104.0,2.758507860948806e-08,0.0,"K is parameterized, not calibrated"
0.0,108.0,2.5318551190617286e-08,0.0,"K is parameterized, not calibrated"
0.0,112.0,2.327687439162102e-08,0.0,"K is parameterized, not calibrated"
0.0,116.0,2.143510451115935e-08,0.0,"K is parameterized, not calibrated"
0.0,120.0,1.9771181761588248e-08,0.0,"K is parameterized, not calibrated"
0.0,124.0,1.8265618340401005e-08,0.0,"K is parameterized, not calibrated"
0.0,128.0,1.6901208321100063e-08,0.0,"K is parameterized, not calibrated"
0.0,132.0,1.5662762569328785e-08,0.0,"K is parameterized, not calibrated"
0.0,136.0,1.4536869593422089e-08,0.0,"K is parameterized, not calibrated"
0.0,140.0,1.3511681799173873e-08,0.0,"K is parameterized, not calibrated"
0.0,144.0,1.2576725766504146e-08,0.0,"K is parameterized, not calibrated"
0.0,148.0,1.1722734708423116e-08,0.0,"K is parameterized, not calibrated"
0.0,152.0,1.094150107496334e-08,0.0,"K is parameterized, not calibrated"
0.0,156.0,1.0225747232707627e-08,0.0,"K is parameterized, not calibrated"
0.0,160.0,9.569012219902556e-09,0.0,"K is parameterized, not calibrated"
0.0,164.0,8.965552704563501e-09,0.0,"K is parameterized, not calibrated"
0.0,168.0,8.410256429734583e-09,0.0,"K is parameterized, not calibrated"
0.0,172.0,7.898566597591152e-09,0.0,"K is parameterized, not calibrated"
0.0,176.0,7.426415810729921e-09,0.0,"K is parameterized, not calibrated"
0.0,180.0,6.990168347845421e-09,0.0,"K is parameterized, not calibrated"
0.0,184.0,6.586569698233241e-09,0.0,"K is parameterized, not calibrated"
0.0,188.0,6.212702413427765e-09,0.0,"K is parameterized, not calibrated"
0.0,192.0,5.8659474543158215e-09,0.0,"K is parameterized, not calibrated"
0.0,196.0,5.543950318607664e-09,0.0,"K is parameterized, not calibrated"
0.0,200.0,5.244591327395431e-09,0.0,"K is parameterized, not calibrated"
0.001,-200.0,5.244591327395431e-09,5.2445913273954306e-12,"K is parameterized, not calibrated"
0.001,-196.0,5.543950318607664e-09,5.543950318607664e-12,"K is parameterized, not calibrated"
0.001,-192.0,5.8659474543158215e-09,5.865947454315822e-12,"K is parameterized, not calibrated"
0.001,-188.0,6.212702413427765e-09,6.212702413427766e-12,"K is parameterized, not calibrated"
0.001,-184.0,6.586569698233241e-09,6.586569698233241e-12,"K is parameterized, not calibrated"
0.001,-180.0,6.990168347845421e-09,6.990168347845422e-12,"K is parameterized, not calibrated"
0.001,-176.0,7.426415810729921e-09,7.426415810729921e-12,"K is parameterized, not calibrated"
0.001,-172.0,7.898566597591152e-09,7.898566597591151e-12,"K is parameterized, not calibrated"
0.001,-168.0,8.410256429734583e-09,8.410256429734583e-12,"K is parameterized, not calibrated"
0.001,-164.0,8.965552704563501e-09,8.965552704563501e-12,"K is parameterized, not calibrated"
0.001,-160.0,9.569012219902556e-09,9.569012219902556e-12,"K is parameterized, not calibrated"
0.001,-156.0,1.0225747232707627e-08,1.0225747232707627e-11,"K is parameterized, not calibrated"
0.001,-152.0,1.094150107496334e-08,1.094150107496334e-11,"K is parameterized, not calibrated"
0.001,-148.0,1.1722734708423116e-08,1.1722734708423115e-11,"K is parameterized, not calibrated"
0.001,-144.0,1.2576725766504146e-08,1.2576725766504147e-11,"K is parameterized, not calibrated"
0.001,-140.0,1.3511681799173873e-08,1.3511681799173873e-11,"K is parameterized, not calibrated"
0.001,-136.0,1.4536869593422089e-08,1.453686959342209e-11,"K is parameterized, not calibrated"
0.001,-132.0,1.5662762569328785e-08,1.5662762569328785e-11,"K is parameterized, not calibrated"
0.001,-128.0,1.6901208321100063e-08,1.6901208321100063e-11,"K is parameterized, not calibrated"
0.001,-124.0,1.8265618340401005e-08,1.8265618340401006e-11,"K is parameterized, not calibrated"
0.001,-120.0,1.9771181761588248e-08,1.9771181761588247e-11,"K is parameterized, not calibrated"
0.001,-116.0,2.143510451115935e-08,2.143510451115935e-11,"K is parameterized, not calibrated"
0.001,-112.0,2.327687439162102e-08,2.327687439162102e-11,"K is parameterized, not calibrated"
0.001,-108.0,2.5318551190617286e-08,2.5318551190617287e-11,"K is parameterized, not calibrated"
0.001,-104.0,2.758507860948806e-08,2.758507860948806e-11,"K is parameterized, not calibrated"
0.001,-100.0,3.010461127797415e-08,3.010461127797415e-11,"K is parameterized, not calibrated"
0.001,-96.0,3.2908844856028e-08,3.2908844856028e-11,"K is parameterized, not calibrated"
0.001,-92.0,3.60333295448779e-08,3.6033329544877905e-11,"K is parameterized, not calibrated"
0.001,-88.0,3.951773636609155e-08,3.951773636609155e-11,"K is parameterized, not calibrated"
0.001,-84.0,4.3406030238456664e-08,4.3406030238456665e-11,"K is parameterized, not calibrated"
0.001,-80.0,4.77464829275686e-08,4.77464829275686e-11,"K is parameterized, not calibrated"
0.001,-76.0,5.259143103989547e-08,5.259143103989547e-11,"K is parameterized, not calibrated"
0.001,-72.0,5.799664827921191e-08,5.799664827921191e-11,"K is parameterized, not calibrated"
0.001,-68.0,6.402015685732226e-08,6.402015685732226e-11,"K is parameterized, not calibrated"
0.001,-64.0,7.072025171862963e-08,7.072025171862963e-11,"K is parameterized, not calibrated"
0.001,-60.0,7.815245799974879e-08,7.815245799974879e-11,"K is parameterized, not calibrated"
0.001,-56.0,8.636509769464379e-08,8.636509769464379e-11,"K is parameterized, not calibrated"
0.001,-52.0,9.53931257666402e-08,9.539312576664021e-11,"K is parameterized, not calibrated"
0.001,-48.0,1.0524994150503182e-07,1.0524994150503182e-10,"K is parameterized, not calibrated"
0.001,-44.0,1.159170350654217e-07,1.159170350654217e-10,"K is parameterized, not calibrated"
0.001,-40.0,1.2733165119705218e-07,1.2733165119705217e-10,"K is parameterized, not calibrated"
0.001,-36.0,1.393732003609914e-07,1.393732003609914e-10,"K is parameterized, not calibrated"
0.001,-32.0,1.5184994824817004e-07,1.5184994824817005e-10,"K is parameterized, not calibrated"
0.001,-28.0,1.6448851058027083e-07,1.6448851058027084e-10,"K is parameterized, not calibrated"
0.001,-24.0,1.7692966343390174e-07,1.7692966343390175e-10,"K is parameterized, not calibrated"
0.001,-20.0,1.8873454539182632e-07,1.8873454539182632e-10,"K is parameterized, not calibrated"
0.001,-16.0,1.994049103029529e-07,1.994049103029529e-10,"K is parameterized, not calibrated"
0.001,-12.0,2.0841915282665689e-07,2.084191528266569e-10,"K is parameterized, not calibrated"
0.001,-8.0,2.1528223270229744e-07,2.1528223270229743e-10,"K is parameterized, not calibrated"
0.001,-4.0,2.195830199344669e-07,2.195830199344669e-10,"K is parameterized, not calibrated"
0.001,0.0,2.2104853207207685e-07,2.2104853207207686e-10,"K is parameterized, not calibrated"
0.001,4.0,2.195830199344669e-07,2.195830199344669e-10,"K is parameterized, not calibrated"
0.001,8.0,2.1528223270229744e-07,2.1528223270229743e-10,"K is parameterized, not calibrated"
0.001,12.0,2.0841915282665689e-07,2.084191528266569e-10,"K is parameterized, not calibrated"
0.001,16.0,1.994049103029529e-07,1.994049103029529e-10,"K is parameterized, not calibrated"
0.001,20.0,1.8873454539182632e-07,1.8873454539182632e-10,"K is parameterized, not calibrated"
0.001,24.0,1.7692966343390174e-07,1.7692966343390175e-10,"K is parameterized, not calibrated"
0.001,28.0,1.6448851058027083e-07,1.6448851058027084e-10,"K is parameterized, not calibrated"
0.001,32.0,1.5184994824817004e-07,1.5184994824817005e-10,"K is parameterized, not calibrated"
0.001,36.0,1.393732003609914e-07,1.393732003609914e-10,"K is parameterized, not calibrated"
0.001,40.0,1.2733165119705218e-07,1.2733165119705217e-10,"K is parameterized, not calibrated"
0.001,44.0,1.159170350654217e-07,1.159170350654217e-10,"K is parameterized, not calibrated"
0.001,48.0,1.0524994150503182e-07,1.0524994150503182e-10,"K is parameterized, not calibrated"
0.001,52.0,9.53931257666402e-08,9.539312576664021e-11,"K is parameterized, not calibrated"
0.001,56.0,8.636509769464379e-08,8.636509769464379e-11,"K is parameterized, not calibrated"
0.001,60.0,7.815245799974879e-08,7.815245799974879e-11,"K is parameterized, not calibrated"
0.001,64.0,7.072025171862963e-08,7.072025171862963e-11,"K is parameterized, not calibrated"
0.001,68.0,6.402015685732226e-08,6.402015685732226e-11,"K is parameterized, not calibrated"
0.001,72.0,5.799664827921191e-08,5.799664827921191e-11,"K is parameterized, not calibrated"
0.001,76.0,5.259143103989547e-08,5.259143103989547e-11,"K is parameterized, not calibrated"
0.001,80.0,4.77464829275686e-08,4.77464829275686e-11,"K is parameterized, not calibrated"
0.001,84.0,4.3406030238456664e-08,4.3406030238456665e-11,"K is parameterized, not calibrated"
0.001,88.0,3.951773636609155e-08,3.951773636609155e-11,"K is parameterized, not calibrated"
0.001,92.0,3.60333295448779e-08,3.6033329544877905e-11,"K is parameterized, not calibrated"
0.001,96.0,3.2908844856028e-08,3.2908844856028e-11,"K is parameterized, not calibrated"
0.001,100.0,3.010461127797415e-08,3.010461127797415e-11,"K is parameterized, not calibrated"
0.001,104.0,2.758507860948806e-08,2.758507860948806e-11,"K is parameterized, not calibrated"
0.001,108.0,2.5318551190617286e-08,2.5318551190617287e-11,"K is parameterized, not calibrated"
0.001,112.0,2.327687439162102e-08,2.327687439162102e-11,"K is parameterized, not calibrated"
0.001,116.0,2.143510451115935e-08,2.143510451115935e-11,"K is parameterized, not calibrated"
0.001,120.0,1.9771181761588248e-08,1.9771181761588247e-11,"K is parameterized, not calibrated"
0.001,124.0,1.8265618340401005e-08,1.8265618340401006e-11,"K is parameterized, not calibrated"
0.001,128.0,1.6901208321100063e-08,1.6901208321100063e-11,"K is parameterized, not calibrated"
0.001,132.0,1.5662762569328785e-08,1.5662762569328785e-11,"K is parameterized, not calibrated"
0.001,136.0,1.4536869593422089e-08,1.453686959342209e-11,"K is parameterized, not calibrated"
0.001,140.0,1.3511681799173873e-08,1.3511681799173873e-11,"K is parameterized, not calibrated"
0.001,144.0,1.2576725766504146e-08,1.2576725766504147e-11,"K is parameterized, not calibrated"
0.001,148.0,1.1722734708423116e-08,1.1722734708423115e-11,"K is parameterized, not calibrated"
0.001,152.0,1.094150107496334e-08,1.094150107496334e-11,"K is parameterized, not calibrated"
0.001,156.0,1.0225747232707627e-08,1.0225747232707627e-11,"K is parameterized, not calibrated"
0.001,160.0,9.569012219902556e-09,9.569012219902556e-12,"K is parameterized, not calibrated"
0.001,164.0,8.965552704563501e-09,8.965552704563501e-12,"K is parameterized, not calibrated"
0.001,168.0,8.410256429734583e-09,8.410256429734583e-12,"K is parameterized, not calibrated"
0.001,172.0,7.898566597591152e-09,7.898566597591151e-12,"K is parameterized, not calibrated"
0.001,176.0,7.426415810729921e-09,7.426415810729921e-12,"K is parameterized, not calibrated"
0.001,180.0,6.990168347845421e-09,6.990168347845422e-12,"K is parameterized, not calibrated"
0.001,184.0,6.586569698233241e-09,6.586569698233241e-12,"K is parameterized, not calibrated"
0.001,188.0,6.212702413427765e-09,6.212702413427766e-12,"K is parameterized, not calibrated"
0.001,192.0,5.8659474543158215e-09,5.865947454315822e-12,"K is parameterized, not calibrated"
0.001,196.0,5.543950318607664e-09,5.543950318607664e-12,"K is parameterized, not calibrated"
0.001,200.0,5.244591327395431e-09,5.2445913273954306e-12,"K is parameterized, not calibrated"
0.01,-200.0,5.244591327395431e-09,5.2445913273954306e-11,"K is parameterized, not calibrated"
0.01,-196.0,5.543950318607664e-09,5.5439503186076646e-11,"K is parameterized, not calibrated"
0.01,-192.0,5.8659474543158215e-09,5.865947454315821e-11,"K is parameterized, not calibrated"
0.01,-188.0,6.212702413427765e-09,6.212702413427766e-11,"K is parameterized, not calibrated"
0.01,-184.0,6.586569698233241e-09,6.586569698233241e-11,"K is parameterized, not calibrated"
0.01,-180.0,6.990168347845421e-09,6.990168347845421e-11,"K is parameterized, not calibrated"
0.01,-176.0,7.426415810729921e-09,7.426415810729921e-11,"K is parameterized, not calibrated"
0.01,-172.0,7.898566597591152e-09,7.898566597591151e-11,"K is parameterized, not calibrated"
0.01,-168.0,8.410256429734583e-09,8.410256429734583e-11,"K is parameterized, not calibrated"
0.01,-164.0,8.965552704563501e-09,8.965552704563501e-11,"K is parameterized, not calibrated"
0.01,-160.0,9.569012219902556e-09,9.569012219902556e-11,"K is parameterized, not calibrated"
0.01,-156.0,1.0225747232707627e-08,1.0225747232707627e-10,"K is parameterized, not calibrated"
0.01,-152.0,1.094150107496334e-08,1.094150107496334e-10,"K is parameterized, not calibrated"
0.01,-148.0,1.1722734708423116e-08,1.1722734708423115e-10,"K is parameterized, not calibrated"
0.01,-144.0,1.2576725766504146e-08,1.2576725766504146e-10,"K is parameterized, not calibrated"
0.01,-140.0,1.3511681799173873e-08,1.3511681799173875e-10,"K is parameterized, not calibrated"
0.01,-136.0,1.4536869593422089e-08,1.453686959342209e-10,"K is parameterized, not calibrated"
0.01,-132.0,1.5662762569328785e-08,1.5662762569328786e-10,"K is parameterized, not calibrated"
0.01,-128.0,1.6901208321100063e-08,1.6901208321100063e-10,"K is parameterized, not calibrated"
0.01,-124.0,1.8265618340401005e-08,1.8265618340401005e-10,"K is parameterized, not calibrated"
0.01,-120.0,1.9771181761588248e-08,1.9771181761588249e-10,"K is parameterized, not calibrated"
0.01,-116.0,2.143510451115935e-08,2.143510451115935e-10,"K is parameterized, not calibrated"
0.01,-112.0,2.327687439162102e-08,2.327687439162102e-10,"K is parameterized, not calibrated"
0.01,-108.0,2.5318551190617286e-08,2.531855119061729e-10,"K is parameterized, not calibrated"
0.01,-104.0,2.758507860948806e-08,2.758507860948806e-10,"K is parameterized, not calibrated"
0.01,-100.0,3.010461127797415e-08,3.0104611277974153e-10,"K is parameterized, not calibrated"
0.01,-96.0,3.2908844856028e-08,3.2908844856027996e-10,"K is parameterized, not calibrated"
0.01,-92.0,3.60333295448779e-08,3.60333295448779e-10,"K is parameterized, not calibrated"
0.01,-88.0,3.951773636609155e-08,3.951773636609155e-10,"K is parameterized, not calibrated"
0.01,-84.0,4.3406030238456664e-08,4.3406030238456664e-10,"K is parameterized, not calibrated"
0.01,-80.0,4.77464829275686e-08,4.77464829275686e-10,"K is parameterized, not calibrated"
0.01,-76.0,5.259143103989547e-08,5.259143103989548e-10,"K is parameterized, not calibrated"
0.01,-72.0,5.799664827921191e-08,5.799664827921192e-10,"K is parameterized, not calibrated"
0.01,-68.0,6.402015685732226e-08,6.402015685732226e-10,"K is parameterized, not calibrated"
0.01,-64.0,7.072025171862963e-08,7.072025171862963e-10,"K is parameterized, not calibrated"
0.01,-60.0,7.815245799974879e-08,7.81524579997488e-10,"K is parameterized, not calibrated"
0.01,-56.0,8.636509769464379e-08,8.63650976946438e-10,"K is parameterized, not calibrated"
0.01,-52.0,9.53931257666402e-08,9.539312576664022e-10,"K is parameterized, not calibrated"
0.01,-48.0,1.0524994150503182e-07,1.0524994150503182e-09,"K is parameterized, not calibrated"
0.01,-44.0,1.159170350654217e-07,1.159170350654217e-09,"K is parameterized, not calibrated"
0.01,-40.0,1.2733165119705218e-07,1.2733165119705217e-09,"K is parameterized, not calibrated"
0.01,-36.0,1.393732003609914e-07,1.3937320036099141e-09,"K is parameterized, not calibrated"
0.01,-32.0,1.5184994824817004e-07,1.5184994824817005e-09,"K is parameterized, not calibrated"
0.01,-28.0,1.6448851058027083e-07,1.6448851058027084e-09,"K is parameterized, not calibrated"
0.01,-24.0,1.7692966343390174e-07,1.7692966343390174e-09,"K is parameterized, not calibrated"
0.01,-20.0,1.8873454539182632e-07,1.887345453918263e-09,"K is parameterized, not calibrated"
0.01,-16.0,1.994049103029529e-07,1.994049103029529e-09,"K is parameterized, not calibrated"
0.01,-12.0,2.0841915282665689e-07,2.084191528266569e-09,"K is parameterized, not calibrated"
0.01,-8.0,2.1528223270229744e-07,2.1528223270229743e-09,"K is parameterized, not calibrated"
0.01,-4.0,2.195830199344669e-07,2.195830199344669e-09,"K is parameterized, not calibrated"
0.01,0.0,2.2104853207207685e-07,2.2104853207207685e-09,"K is parameterized, not calibrated"
0.01,4.0,2.195830199344669e-07,2.195830199344669e-09,"K is parameterized, not calibrated"
0.01,8.0,2.1528223270229744e-07,2.1528223270229743e-09,"K is parameterized, not calibrated"
0.01,12.0,2.0841915282665689e-07,2.084191528266569e-09,"K is parameterized, not calibrated"
0.01,16.0,1.994049103029529e-07,1.994049103029529e-09,"K is parameterized, not calibrated"
0.01,20.0,1.8873454539182632e-07,1.887345453918263e-09,"K is parameterized, not calibrated"
0.01,24.0,1.7692966343390174e-07,1.7692966343390174e-09,"K is parameterized, not calibrated"
0.01,28.0,1.6448851058027083e-07,1.6448851058027084e-09,"K is parameterized, not calibrated"
0.01,32.0,1.5184994824817004e-07,1.5184994824817005e-09,"K is parameterized, not calibrated"
0.01,36.0,1.393732003609914e-07,1.3937320036099141e-09,"K is parameterized, not calibrated"
0.01,40.0,1.2733165119705218e-07,1.2733165119705217e-09,"K is parameterized, not calibrated"
0.01,44.0,1.159170350654217e-07,1.159170350654217e-09,"K is parameterized, not calibrated"
0.01,48.0,1.0524994150503182e-07,1.0524994150503182e-09,"K is parameterized, not calibrated"
0.01,52.0,9.53931257666402e-08,9.539312576664022e-10,"K is parameterized, not calibrated"
0.01,56.0,8.636509769464379e-08,8.63650976946438e-10,"K is parameterized, not calibrated"
0.01,60.0,7.815245799974879e-08,7.81524579997488e-10,"K is parameterized, not calibrated"
0.01,64.0,7.072025171862963e-08,7.072025171862963e-10,"K is parameterized, not calibrated"
0.01,68.0,6.402015685732226e-08,6.402015685732226e-10,"K is parameterized, not calibrated"
0.01,72.0,5.799664827921191e-08,5.799664827921192e-10,"K is parameterized, not calibrated"
0.01,76.0,5.259143103989547e-08,5.259143103989548e-10,"K is parameterized, not calibrated"
0.01,80.0,4.77464829275686e-08,4.77464829275686e-10,"K is parameterized, not calibrated"
0.01,84.0,4.3406030238456664e-08,4.3406030238456664e-10,"K is parameterized, not calibrated"
0.01,88.0,3.951773636609155e-08,3.951773636609155e-10,"K is parameterized, not calibrated"
0.01,92.0,3.60333295448779e-08,3.60333295448779e-10,"K is parameterized, not calibrated"
0.01,96.0,3.2908844856028e-08,3.2908844856027996e-10,"K is parameterized, not calibrated"
0.01,100.0,3.010461127797415e-08,3.0104611277974153e-10,"K is parameterized, not calibrated"
0.01,104.0,2.758507860948806e-08,2.758507860948806e-10,"K is parameterized, not calibrated"
0.01,108.0,2.5318551190617286e-08,2.531855119061729e-10,"K is parameterized, not calibrated"
0.01,112.0,2.327687439162102e-08,2.327687439162102e-10,"K is parameterized, not calibrated"
0.01,116.0,2.143510451115935e-08,2.143510451115935e-10,"K is parameterized, not calibrated"
0.01,120.0,1.9771181761588248e-08,1.9771181761588249e-10,"K is parameterized, not calibrated"
0.01,124.0,1.8265618340401005e-08,1.8265618340401005e-10,"K is parameterized, not calibrated"
0.01,128.0,1.6901208321100063e-08,1.6901208321100063e-10,"K is parameterized, not calibrated"
0.01,132.0,1.5662762569328785e-08,1.5662762569328786e-10,"K is parameterized, not calibrated"
0.01,136.0,1.4536869593422089e-08,1.453686959342209e-10,"K is parameterized, not calibrated"
0.01,140.0,1.3511681799173873e-08,1.3511681799173875e-10,"K is parameterized, not calibrated"
0.01,144.0,1.2576725766504146e-08,1.2576725766504146e-10,"K is parameterized, not calibrated"
0.01,148.0,1.1722734708423116e-08,1.1722734708423115e-10,"K is parameterized, not calibrated"
0.01,152.0,1.094150107496334e-08,1.094150107496334e-10,"K is parameterized, not calibrated"
0.01,156.0,1.0225747232707627e-08,1.0225747232707627e-10,"K is parameterized, not calibrated"
0.01,160.0,9.569012219902556e-09,9.569012219902556e-11,"K is parameterized, not calibrated"
0.01,164.0,8.965552704563501e-09,8.965552704563501e-11,"K is parameterized, not calibrated"
0.01,168.0,8.410256429734583e-09,8.410256429734583e-11,"K is parameterized, not calibrated"
0.01,172.0,7.898566597591152e-09,7.898566597591151e-11,"K is parameterized, not calibrated"
0.01,176.0,7.426415810729921e-09,7.426415810729921e-11,"K is parameterized, not calibrated"
0.01,180.0,6.990168347845421e-09,6.990168347845421e-11,"K is parameterized, not calibrated"
0.01,184.0,6.586569698233241e-09,6.586569698233241e-11,"K is parameterized, not calibrated"
0.01,188.0,6.212702413427765e-09,6.212702413427766e-11,"K is parameterized, not calibrated"
0.01,192.0,5.8659474543158215e-09,5.865947454315821e-11,"K is parameterized, not calibrated"
0.01,196.0,5.543950318607664e-09,5.5439503186076646e-11,"K is parameterized, not calibrated"
0.01,200.0,5.244591327395431e-09,5.2445913273954306e-11,"K is parameterized, not calibrated"
0.1,-200.0,5.244591327395431e-09,5.244591327395431e-10,"K is parameterized, not calibrated"
0.1,-196.0,5.543950318607664e-09,5.543950318607664e-10,"K is parameterized, not calibrated"
0.1,-192.0,5.8659474543158215e-09,5.865947454315822e-10,"K is parameterized, not calibrated"
0.1,-188.0,6.212702413427765e-09,6.212702413427766e-10,"K is parameterized, not calibrated"
0.1,-184.0,6.586569698233241e-09,6.586569698233242e-10,"K is parameterized, not calibrated"
0.1,-180.0,6.990168347845421e-09,6.990168347845422e-10,"K is parameterized, not calibrated"
0.1,-176.0,7.426415810729921e-09,7.426415810729922e-10,"K is parameterized, not calibrated"
0.1,-172.0,7.898566597591152e-09,7.898566597591152e-10,"K is parameterized, not calibrated"
0.1,-168.0,8.410256429734583e-09,8.410256429734583e-10,"K is parameterized, not calibrated"
0.1,-164.0,8.965552704563501e-09,8.965552704563501e-10,"K is parameterized, not calibrated"
0.1,-160.0,9.569012219902556e-09,9.569012219902556e-10,"K is parameterized, not calibrated"
0.1,-156.0,1.0225747232707627e-08,1.0225747232707628e-09,"K is parameterized, not calibrated"
0.1,-152.0,1.094150107496334e-08,1.094150107496334e-09,"K is parameterized, not calibrated"
0.1,-148.0,1.1722734708423116e-08,1.1722734708423117e-09,"K is parameterized, not calibrated"
0.1,-144.0,1.2576725766504146e-08,1.2576725766504146e-09,"K is parameterized, not calibrated"
0.1,-140.0,1.3511681799173873e-08,1.3511681799173874e-09,"K is parameterized, not calibrated"
0.1,-136.0,1.4536869593422089e-08,1.4536869593422089e-09,"K is parameterized, not calibrated"
0.1,-132.0,1.5662762569328785e-08,1.5662762569328786e-09,"K is parameterized, not calibrated"
0.1,-128.0,1.6901208321100063e-08,1.6901208321100064e-09,"K is parameterized, not calibrated"
0.1,-124.0,1.8265618340401005e-08,1.8265618340401007e-09,"K is parameterized, not calibrated"
0.1,-120.0,1.9771181761588248e-08,1.9771181761588248e-09,"K is parameterized, not calibrated"
0.1,-116.0,2.143510451115935e-08,2.1435104511159352e-09,"K is parameterized, not calibrated"
0.1,-112.0,2.327687439162102e-08,2.3276874391621025e-09,"K is parameterized, not calibrated"
0.1,-108.0,2.5318551190617286e-08,2.5318551190617288e-09,"K is parameterized, not calibrated"
0.1,-104.0,2.758507860948806e-08,2.758507860948806e-09,"K is parameterized, not calibrated"
0.1,-100.0,3.010461127797415e-08,3.0104611277974156e-09,"K is parameterized, not calibrated"
0.1,-96.0,3.2908844856028e-08,3.2908844856027997e-09,"K is parameterized, not calibrated"
0.1,-92.0,3.60333295448779e-08,3.6033329544877906e-09,"K is parameterized, not calibrated"
0.1,-88.0,3.951773636609155e-08,3.9517736366091554e-09,"K is parameterized, not calibrated"
0.1,-84.0,4.3406030238456664e-08,4.340603023845666e-09,"K is parameterized, not calibrated"
0.1,-80.0,4.77464829275686e-08,4.77464829275686e-09,"K is parameterized, not calibrated"
0.1,-76.0,5.259143103989547e-08,5.259143103989547e-09,"K is parameterized, not calibrated"
0.1,-72.0,5.799664827921191e-08,5.799664827921192e-09,"K is parameterized, not calibrated"
0.1,-68.0,6.402015685732226e-08,6.402015685732226e-09,"K is parameterized, not calibrated"
0.1,-64.0,7.072025171862963e-08,7.0720251718629636e-09,"K is parameterized, not calibrated"
0.1,-60.0,7.815245799974879e-08,7.81524579997488e-09,"K is parameterized, not calibrated"
0.1,-56.0,8.636509769464379e-08,8.63650976946438e-09,"K is parameterized, not calibrated"
0.1,-52.0,9.53931257666402e-08,9.539312576664021e-09,"K is parameterized, not calibrated"
0.1,-48.0,1.0524994150503182e-07,1.0524994150503183e-08,"K is parameterized, not calibrated"
0.1,-44.0,1.159170350654217e-07,1.159170350654217e-08,"K is parameterized, not calibrated"
0.1,-40.0,1.2733165119705218e-07,1.273316511970522e-08,"K is parameterized, not calibrated"
0.1,-36.0,1.393732003609914e-07,1.3937320036099142e-08,"K is parameterized, not calibrated"
0.1,-32.0,1.5184994824817004e-07,1.5184994824817005e-08,"K is parameterized, not calibrated"
0.1,-28.0,1.6448851058027083e-07,1.6448851058027083e-08,"K is parameterized, not calibrated"
0.1,-24.0,1.7692966343390174e-07,1.7692966343390175e-08,"K is parameterized, not calibrated"
0.1,-20.0,1.8873454539182632e-07,1.8873454539182633e-08,"K is parameterized, not calibrated"
0.1,-16.0,1.994049103029529e-07,1.994049103029529e-08,"K is parameterized, not calibrated"
0.1,-12.0,2.0841915282665689e-07,2.084191528266569e-08,"K is parameterized, not calibrated"
0.1,-8.0,2.1528223270229744e-07,2.1528223270229746e-08,"K is parameterized, not calibrated"
0.1,-4.0,2.195830199344669e-07,2.1958301993446692e-08,"K is parameterized, not calibrated"
0.1,0.0,2.2104853207207685e-07,2.2104853207207686e-08,"K is parameterized, not calibrated"
0.1,4.0,2.195830199344669e-07,2.1958301993446692e-08,"K is parameterized, not calibrated"
0.1,8.0,2.1528223270229744e-07,2.1528223270229746e-08,"K is parameterized, not calibrated"
0.1,12.0,2.0841915282665689e-07,2.084191528266569e-08,"K is parameterized, not calibrated"
0.1,16.0,1.994049103029529e-07,1.994049103029529e-08,"K is parameterized, not calibrated"
0.1,20.0,1.8873454539182632e-07,1.8873454539182633e-08,"K is parameterized, not calibrated"
0.1,24.0,1.7692966343390174e-07,1.7692966343390175e-08,"K is parameterized, not calibrated"
0.1,28.0,1.6448851058027083e-07,1.6448851058027083e-08,"K is parameterized, not calibrated"
0.1,32.0,1.5184994824817004e-07,1.5184994824817005e-08,"K is parameterized, not calibrated"
0.1,36.0,1.393732003609914e-07,1.3937320036099142e-08,"K is parameterized, not calibrated"
0.1,40.0,1.2733165119705218e-07,1.273316511970522e-08,"K is parameterized, not calibrated"
0.1,44.0,1.159170350654217e-07,1.159170350654217e-08,"K is parameterized, not calibrated"
0.1,48.0,1.0524994150503182e-07,1.0524994150503183e-08,"K is parameterized, not calibrated"
0.1,52.0,9.53931257666402e-08,9.539312576664021e-09,"K is parameterized, not calibrated"
0.1,56.0,8.636509769464379e-08,8.63650976946438e-09,"K is parameterized, not calibrated"
0.1,60.0,7.815245799974879e-08,7.81524579997488e-09,"K is parameterized, not calibrated"
0.1,64.0,7.072025171862963e-08,7.0720251718629636e-09,"K is parameterized, not calibrated"
0.1,68.0,6.402015685732226e-08,6.402015685732226e-09,"K is parameterized, not calibrated"
0.1,72.0,5.799664827921191e-08,5.799664827921192e-09,"K is parameterized, not calibrated"
0.1,76.0,5.259143103989547e-08,5.259143103989547e-09,"K is parameterized, not calibrated"
0.1,80.0,4.77464829275686e-08,4.77464829275686e-09,"K is parameterized, not calibrated"
0.1,84.0,4.3406030238456664e-08,4.340603023845666e-09,"K is parameterized, not calibrated"
0.1,88.0,3.951773636609155e-08,3.9517736366091554e-09,"K is parameterized, not calibrated"
0.1,92.0,3.60333295448779e-08,3.6033329544877906e-09,"K is parameterized, not calibrated"
0.1,96.0,3.2908844856028e-08,3.2908844856027997e-09,"K is parameterized, not calibrated"
0.1,100.0,3.010461127797415e-08,3.0104611277974156e-09,"K is parameterized, not calibrated"
0.1,104.0,2.758507860948806e-08,2.758507860948806e-09,"K is parameterized, not calibrated"
0.1,108.0,2.5318551190617286e-08,2.5318551190617288e-09,"K is parameterized, not calibrated"
0.1,112.0,2.327687439162102e-08,2.3276874391621025e-09,"K is parameterized, not calibrated"
0.1,116.0,2.143510451115935e-08,2.1435104511159352e-09,"K is parameterized, not calibrated"
0.1,120.0,1.9771181761588248e-08,1.9771181761588248e-09,"K is parameterized, not calibrated"
0.1,124.0,1.8265618340401005e-08,1.8265618340401007e-09,"K is parameterized, not calibrated"
0.1,128.0,1.6901208321100063e-08,1.6901208321100064e-09,"K is parameterized, not calibrated"
0.1,132.0,1.5662762569328785e-08,1.5662762569328786e-09,"K is parameterized, not calibrated"
0.1,136.0,1.4536869593422089e-08,1.4536869593422089e-09,"K is parameterized, not calibrated"
0.1,140.0,1.3511681799173873e-08,1.3511681799173874e-09,"K is parameterized, not calibrated"
0.1,144.0,1.2576725766504146e-08,1.2576725766504146e-09,"K is parameterized, not calibrated"
0.1,148.0,1.1722734708423116e-08,1.1722734708423117e-09,"K is parameterized, not calibrated"
0.1,152.0,1.094150107496334e-08,1.094150107496334e-09,"K is parameterized, not calibrated"
0.1,156.0,1.0225747232707627e-08,1.0225747232707628e-09,"K is parameterized, not calibrated"
0.1,160.0,9.569012219902556e-09,9.569012219902556e-10,"K is parameterized, not calibrated"
0.1,164.0,8.965552704563501e-09,8.965552704563501e-10,"K is parameterized, not calibrated"
0.1,168.0,8.410256429734583e-09,8.410256429734583e-10,"K is parameterized, not calibrated"
0.1,172.0,7.898566597591152e-09,7.898566597591152e-10,"K is parameterized, not calibrated"
0.1,176.0,7.426415810729921e-09,7.426415810729922e-10,"K is parameterized, not calibrated"
0.1,180.0,6.990168347845421e-09,6.990168347845422e-10,"K is parameterized, not calibrated"
0.1,184.0,6.586569698233241e-09,6.586569698233242e-10,"K is parameterized, not calibrated"
0.1,188.0,6.212702413427765e-09,6.212702413427766e-10,"K is parameterized, not calibrated"
0.1,192.0,5.8659474543158215e-09,5.865947454315822e-10,"K is parameterized, not calibrated"
0.1,196.0,5.543950318607664e-09,5.543950318607664e-10,"K is parameterized, not calibrated"
0.1,200.0,5.244591327395431e-09,5.244591327395431e-10,"K is parameterized, not calibrated"
