time_s,R0_m,speed_m_per_s,R_m,E_env_v_per_m,E_shaft_v_per_m
-300.0,300.0,5.0,1529.7058540778355,1.6673532226132552e-09,1.1421369574900799e-10
-299.5,300.0,5.0,1527.2544810868947,1.6753948463655851e-09,-3.937177888959125e-11
-299.0,300.0,5.0,1524.8032659986009,1.6834877432277582e-09,1.1531891041110145e-10
-298.5,300.0,5.0,1522.3522095756948,1.6916323182232893e-09,-3.97533594782473e-11
-298.0,300.0,5.0,1519.9013125857875,1.699828980179095e-09,1.1643828514226803e-10
-297.5,300.0,5.0,1517.4505758014,1.708078141766741e-09,-4.0139836331518414e-11
-297.0,300.0,5.0,1515.0,1.716380219544206e-09,1.1757204503877812e-10
-296.5,300.0,5.0,1512.5495859640437,1.724735633998146e-09,-4.053128739895643e-11
-296.0,300.0,5.0,1510.0993344810136,1.7331448095866895e-09,1.1872041945668825e-10
-295.5,300.0,5.0,1507.649246343459,1.741608174782752e-09,-4.092779210739467e-11
-295.0,300.0,5.0,1505.199322349037,1.7501261621178873e-09,1.1988364210507528e-10
-294.5,300.0,5.0,1502.7495633005522,1.7586992082266786e-09,-4.132943139332695e-11
-294.0,300.0,5.0,1500.2999700059986,1.7673277538916826e-09,1.2106195114158027e-10
-293.5,300.0,5.0,1497.850543278601,1.776012244088924e-09,-4.173628773608971e-11
-293.0,300.0,5.0,1495.4012839368568,1.7847531280339564e-09,1.2225558927032602e-10
-292.5,300.0,5.0,1492.9521928045788,1.793550859228496e-09,-4.214844519186966e-11
-292.0,300.0,5.0,1490.5032707109367,1.8024058955076364e-09,1.234648038422731e-10
-291.5,300.0,5.0,1488.054518490502,1.8113186990876433e-09,-4.256598942855962e-11
-291.0,300.0,5.0,1485.6059369832903,1.8202897366143533e-09,1.246898469580832e-10
-290.5,300.0,5.0,1483.1575270348055,1.8293194792121758e-09,-4.298900776148613e-11
-290.0,300.0,5.0,1480.7092894960847,1.8384084025336984e-09,1.2593097557355835e-10
-289.5,300.0,5.0,1478.2612252237425,1.8475569868099257e-09,-4.341758919003325e-11
-289.0,300.0,5.0,1475.813335080016,1.8567657169011388e-09,1.27188451607728e-10
-288.5,300.0,5.0,1473.3656199328123,1.8660350823483934e-09,-4.3851824435187244e-11
-288.0,300.0,5.0,1470.9180806557515,1.875365577425673e-09,1.284625420536586e-10
-287.5,300.0,5.0,1468.4707181282165,1.8847577011926858e-09,-4.429180597802812e-11
-287.0,300.0,5.0,1466.023533235398,1.8942119575483374e-09,1.2975351909206113e-10
-286.5,300.0,5.0,1463.5765268683424,1.903728855284873e-09,-4.4737628099194516e-11
-286.0,300.0,5.0,1461.1296999240005,1.9133089081427047e-09,1.3106166020777527e-10
-285.5,300.0,5.0,1458.683053305275,1.922952634865932e-09,-4.51893869193494e-11
-285.0,300.0,5.0,1456.23658792107,1.932660559258566e-09,1.3238724830921178e-10
-284.5,300.0,5.0,1453.7903046863396,1.942433210241468e-09,-4.56471804406745e-11
-284.0,300.0,5.0,1451.3442045221389,1.952271121910011e-09,1.3373057185083574e-10
-283.5,300.0,5.0,1448.8982883556735,1.9621748335924676e-09,-4.6111108589422987e-11
-283.0,300.0,5.0,1446.4525571203503,1.9721448899091584e-09,1.3509192495877737e-10
-282.5,300.0,5.0,1444.0070117558294,1.9821818408323366e-09,-4.658127325955991e-11
-282.0,300.0,5.0,1441.5616532080755,1.992286241746846e-09,1.3647160755965895e-10
-281.5,300.0,5.0,1439.1164824294106,2.0024586535115576e-09,-4.70577783575216e-11
-281.0,300.0,5.0,1436.671500378566,2.0126996425215893e-09,1.3786992551272887e-10
-280.5,300.0,5.0,1434.2267080207369,2.0230097807713197e-09,-4.7540729848126014e-11
-280.0,300.0,5.0,1431.7821063276353,2.0333896459182227e-09,1.3928719074539826e-10
-279.5,300.0,5.0,1429.337696277545,2.0438398213475098e-09,-4.803023580166648e-11
-279.0,300.0,5.0,1426.893478855377,2.0543608962376122e-09,1.4072372139227645e-10
-278.5,300.0,5.0,1424.4494550527231,2.0649534656265124e-09,-4.852640644222304e-11
-278.0,300.0,5.0,1422.0056258679147,2.0756181304789178e-09,1.4217984193780589e-10
-277.5,300.0,5.0,1419.5619923060774,2.0863554977543168e-09,-4.9029354197226444e-11
-277.0,300.0,5.0,1417.118555379189,2.0971661804759122e-09,1.436558833626e-10
-276.5,300.0,5.0,1414.6753161061374,2.1080507978004434e-09,-4.953919374831042e-11
-276.0,300.0,5.0,1412.2322755127784,2.1190099750889253e-09,1.451521832935914e-10
-275.5,300.0,5.0,1409.789434631995,2.1300443439782967e-09,-5.005604208348997e-11
-275.0,300.0,5.0,1407.3467945037569,2.1411545424540072e-09,1.466690861580995e-10
-274.5,300.0,5.0,1404.904356175181,2.1523412149235517e-09,-5.0580018550703466e-11
-274.0,300.0,5.0,1402.4621207005914,2.1636050122909657e-09,1.4820694334193116e-10
-273.5,300.0,5.0,1400.020089141581,2.1749465920322874e-09,-5.1111244912758753e-11
-273.0,300.0,5.0,1397.5782625670736,2.1863666182720172e-09,1.497661133516332e-10
-272.5,300.0,5.0,1395.1366420533868,2.197865761860575e-09,-5.1649845403723513e-11
-272.0,300.0,5.0,1392.6952286842948,2.2094447004527755e-09,1.5134696198101514e-10
-271.5,300.0,5.0,1390.254023551092,2.221104118587337e-09,-5.219594678680242e-11
-271.0,300.0,5.0,1387.813027752658,2.2328447077674346e-09,1.529498624820693e-10
-270.5,300.0,5.0,1385.372242395523,2.2446671665423167e-09,-5.274967841374444e-11
-270.0,300.0,5.0,1382.9316685939332,2.2565722005900015e-09,1.5457519574041513e-10
-269.5,300.0,5.0,1380.4913074699166,2.2685605228010657e-09,-5.331117228582504e-11
-269.0,300.0,5.0,1378.0511601533522,2.2806328533635384e-09,1.5622335045540239e-10
-268.5,300.0,5.0,1375.6112277820357,2.2927899198489295e-09,-5.388056311644984e-11
-268.0,300.0,5.0,1373.1715115017498,2.305032457299393e-09,1.5789472332500844e-10
-267.5,300.0,5.0,1370.7320124663318,2.3173612083160557e-09,-5.445798839542731e-11
-267.0,300.0,5.0,1368.2927318377454,2.329776923148511e-09,1.59589719235673e-10
-266.5,300.0,5.0,1365.8536707861497,2.342280359785525e-09,-5.504358845495984e-11
-266.0,300.0,5.0,1363.4148304899722,2.3548722840469336e-09,1.6130875145721495e-10
-265.5,300.0,5.0,1360.97621213598,2.3675534696767818e-09,-5.563750653740437e-11
-265.0,300.0,5.0,1358.5378169193525,2.380324698437706e-09,1.6305224184298288e-10
-264.5,300.0,5.0,1356.099646043756,2.393186760206586e-09,-5.623988886485477e-11
-264.0,300.0,5.0,1353.6617007214172,2.4061404530714683e-09,1.648206210353956e-10
-263.5,300.0,5.0,1351.2239821731998,2.4191865834298116e-09,-5.685088471060057e-11
-263.0,300.0,5.0,1348.7864916286787,2.4323259660880433e-09,1.66614328677031e-10
-262.5,300.0,5.0,1346.349230326218,2.445559424362462e-09,-5.747064647251785e-11
-262.0,300.0,5.0,1343.9121995130486,2.4588877901815e-09,1.6843381362743276e-10
-261.5,300.0,5.0,1341.4754004453455,2.4723119041893765e-09,-5.809932974845035e-11
-261.0,300.0,5.0,1339.0388343883085,2.485832615851145e-09,1.7027953418580344e-10
-260.5,300.0,5.0,1336.6025026162415,2.4994507835591694e-09,-5.873709341364048e-11
-260.0,300.0,5.0,1334.1664064126335,2.51316727474105e-09,1.7215195831976194e-10
-259.5,300.0,5.0,1331.7305470702397,2.526982965969014e-09,-5.938409970027184e-11
-259.0,300.0,5.0,1329.2949258911658,2.5408987430707897e-09,1.7405156390034912e-10
-258.5,300.0,5.0,1326.8595441869497,2.5549155012420062e-09,-6.004051427918715e-11
-258.0,300.0,5.0,1324.4244032786469,2.5690341451601198e-09,1.759788389434682e-10
-257.5,300.0,5.0,1321.9895044969155,2.5832555890998935e-09,-6.070650634384749e-11
-257.0,300.0,5.0,1319.554849182102,2.597580757050475e-09,1.7793428185795756e-10
-256.5,300.0,5.0,1317.1204386843292,2.6120105828340635e-09,-6.138224869660049e-11
-256.0,300.0,5.0,1314.6862743635836,2.6265460102262116e-09,1.799184017004955e-10
-255.5,300.0,5.0,1312.2523575898044,2.641187993077791e-09,-6.20679178373281e-11
-255.0,300.0,5.0,1309.8186897429734,2.6559374954386236e-09,1.8193171843754572e-10
-254.5,300.0,5.0,1307.3852722132065,2.6707954916828285e-09,-6.276369405454647e-11
-254.0,300.0,5.0,1304.952106400844,2.6857629666358985e-09,1.8397476321455905e-10
-253.5,300.0,5.0,1302.5191937165455,2.7008409157035266e-09,-6.346976151903288e-11
-253.0,300.0,5.0,1300.086535581382,2.716030345002232e-09,1.8604807863265292e-10
-252.5,300.0,5.0,1297.6541334269314,2.7313322714917817e-09,-6.418630838005687e-11
-252.0,300.0,5.0,1295.2219886953742,2.746747723109468e-09,1.8815221903299857e-10
-251.5,300.0,5.0,1292.7901028395909,2.762277738906235e-09,-6.491352686429652e-11
-251.0,300.0,5.0,1290.3584773232592,2.7779233691847215e-09,1.9028775078915344e-10
-250.5,300.0,5.0,1287.9271136209534,2.793685675639214e-09,-6.565161337752153e-11
-250.0,300.0,5.0,1285.4960132182441,2.809565731497566e-09,1.924552526075833e-10
-249.5,300.0,5.0,1283.0651776118,2.825564621665091e-09,-6.640076860912964e-11
-249.0,300.0,5.0,1280.6346083094897,2.8416834428704827e-09,1.9465531583662807e-10
-248.5,300.0,5.0,1278.2043068304847,2.8579233038137826e-09,-6.716119763962389e-11
-248.0,300.0,5.0,1275.7742747053649,2.87428532531641e-09,1.968885447841741e-10
-247.5,300.0,5.0,1273.3445134762235,2.8907706404733213e-09,-6.793311005112305e-11
-247.0,300.0,5.0,1270.9150246967733,2.907380394807314e-09,1.99155557044301e-10
-246.5,300.0,5.0,1268.4858099324565,2.924115746425481e-09,-6.871672004099881e-11
-246.0,300.0,5.0,1266.0568707605516,2.9409778661779153e-09,2.0145698383318723e-10
-245.5,300.0,5.0,1263.6282087702855,2.9579679378186253e-09,-6.95122465387377e-11
-245.0,300.0,5.0,1261.199825562944,2.97508715816875e-09,2.037934703345594e-10
-244.5,300.0,5.0,1258.771722751985,2.9923367372820855e-09,-7.031991332612901e-11
-244.0,300.0,5.0,1256.3439019631528,3.009717898612959e-09,2.0616567605498772e-10
-243.5,300.0,5.0,1253.916364834593,3.027231879186498e-09,-7.11399491608827e-11
-243.0,300.0,5.0,1251.489113016969,3.0448799297713224e-09,2.085742751893356e-10
-242.5,300.0,5.0,1249.0621481735807,3.062663315054697e-09,-7.197258790378538e-11
-242.0,300.0,5.0,1246.6354719804824,3.0805833138202003e-09,2.1101995699668374e-10
-241.5,300.0,5.0,1244.2090861266045,3.0986412191279147e-09,-7.2818068649506e-11
-241.0,300.0,5.0,1241.7829923138745,3.1168383384972223e-09,2.1350342618705975e-10
-240.5,300.0,5.0,1239.357192257341,3.1351759940922036e-09,-7.367663586116679e-11
-240.0,300.0,5.0,1236.9316876852981,3.15365552290971e-09,2.1602540331931515e-10
-239.5,300.0,5.0,1234.5064803394107,3.1722782769701478e-09,-7.454853950879848e-11
-239.0,300.0,5.0,1232.081571974843,3.1910456235109995e-09,2.1858662521050348e-10
-238.5,300.0,5.0,1229.6569643603862,3.209958945183151e-09,-7.543403521180406e-11
-238.0,300.0,5.0,1227.23265927859,3.2290196402500395e-09,2.211878453571277e-10
-237.5,300.0,5.0,1224.808658525894,3.2482291227896983e-09,-7.633338438555792e-11
-237.0,300.0,5.0,1222.3849639127602,3.2675888228997317e-09,2.2382983436863163e-10
-236.5,300.0,5.0,1219.9615772638087,3.2871001869052433e-09,-7.724685439227321e-11
-236.0,300.0,5.0,1217.5385004179539,3.3067646775698125e-09,2.2651338041353216e-10
-235.5,300.0,5.0,1215.115735228542,3.3265837743095208e-09,-7.817471869627373e-11
-235.0,300.0,5.0,1212.6932835634902,3.346558973410118e-09,2.292392896785931e-10
-234.5,300.0,5.0,1210.2711473054292,3.366691788247331e-09,-7.911725702381227e-11
-234.0,300.0,5.0,1207.8493283518437,3.386983749510417e-09,2.3200838684146356e-10
-233.5,300.0,5.0,1205.4278286152182,3.407436405428981e-09,-8.007475552758105e-11
-233.0,300.0,5.0,1203.0066500231826,3.4280513220031056e-09,2.3482151555721274e-10
-232.5,300.0,5.0,1200.5857945186592,3.4488300832368817e-09,-8.104750695606671e-11
-232.0,300.0,5.0,1198.1652640600128,3.469774291375346e-09,2.3767953895921123e-10
-231.5,300.0,5.0,1195.7450606212012,3.490885567144924e-09,-8.203581082790572e-11
-231.0,300.0,5.0,1193.3251861919282,3.5121655499974115e-09,2.405833401748227e-10
-230.5,300.0,5.0,1190.905642777798,3.533615898357554e-09,-8.303997361140252e-11
-230.0,300.0,5.0,1188.4864324004714,3.5552382898742895e-09,2.4353382285638886e-10
-229.5,300.0,5.0,1186.067557097824,3.577034421675708e-09,-8.406030890937914e-11
-229.0,300.0,5.0,1183.6490189241065,3.599006010627784e-09,2.465319117280032e-10
-228.5,300.0,5.0,1181.230819950106,3.6211547935969656e-09,-8.509713764952869e-11
-228.0,300.0,5.0,1178.81296226331,3.6434825277166447e-09,2.495785531485902e-10
-227.5,300.0,5.0,1176.3954479680717,3.6659909906576137e-09,-8.615078828045392e-11
-227.0,300.0,5.0,1173.9782791857779,3.688681980902535e-09,2.5267471569182365e-10
-226.5,300.0,5.0,1171.5614580550182,3.7115573180245194e-09,-8.72215969735762e-11
-226.0,300.0,5.0,1169.144986731757,3.734618842969863e-09,2.5582139074343565e-10
-225.5,300.0,5.0,1166.7288673895061,3.7578684183450155e-09,-8.830990783110787e-11
-225.0,300.0,5.0,1164.3131022195018,3.781307928707847e-09,2.5901959311648757e-10
-224.5,300.0,5.0,1161.8976934308803,3.8049392808632994e-09,-8.941607310028753e-11
-224.0,300.0,5.0,1159.4826432508596,3.828764404163454e-09,2.622703616851966e-10
-223.5,300.0,5.0,1157.0679539249197,3.8527852508121475e-09,-9.054045339408547e-11
-223.0,300.0,5.0,1154.6536277169878,3.8770037961741475e-09,2.6557476003792913e-10
-222.5,300.0,5.0,1152.2396669096233,3.9014220390890206e-09,-9.168341791859198e-11
-222.0,300.0,5.0,1149.826073804208,3.9260420021897175e-09,2.6893387714999566e-10
-221.5,300.0,5.0,1147.4128507211342,3.950865732226006e-09,-9.284534470731114e-11
-221.0,300.0,5.0,1145.0,3.975895300392781e-09,2.7234882807690553e-10
-220.5,300.0,5.0,1142.587523999803,4.001132802663371e-09,-9.402662086258921e-11
-220.0,300.0,5.0,1140.175425099138,4.026580360127904e-09,2.7582075466876146e-10
-219.5,300.0,5.0,1137.7637056963981,4.052240119336814e-09,-9.522764280441514e-11
-219.0,300.0,5.0,1135.3523682099756,4.078114252649601e-09,2.793508263064977e-10
-218.5,300.0,5.0,1132.9414150784673,4.104204958588887e-09,-9.644881652683883e-11
-218.0,300.0,5.0,1130.5308487608818,4.130514462199903e-09,2.829402406606934e-10
-217.5,300.0,5.0,1128.1206717368493,4.157045015415453e-09,-9.769055786226314e-11
-217.0,300.0,5.0,1125.710886506833,4.183798897426501e-09,2.8659022447371534e-10
-216.5,300.0,5.0,1123.3014955923454,4.210778415058403e-09,-9.895329275387247e-11
-216.0,300.0,5.0,1120.8925015361642,4.2379859031529454e-09,2.903020343659768e-10
-215.5,300.0,5.0,1118.4839069025536,4.26542372495625e-09,-1.0023745753647187e-10
-215.0,300.0,5.0,1116.0757142774858,4.293094272512663e-09,2.9407695766711744e-10
-214.5,300.0,5.0,1113.6679262688676,4.320999967064692e-09,-1.0154349922602025e-10
-214.0,300.0,5.0,1111.2605455067683,4.3491432594591535e-09,2.9791631327295205e-10
-213.5,300.0,5.0,1108.8535746436496,4.37752663055958e-09,-1.0287187581815012e-10
-213.0,300.0,5.0,1106.4470163546016,4.406152591665005e-09,3.0182145252905286e-10
-212.5,300.0,5.0,1104.040873337577,4.4350236849352765e-09,-1.04223056595979e-10
-212.0,300.0,5.0,1101.635148313633,4.4641424838229225e-09,3.057937601418702e-10
-211.5,300.0,5.0,1099.2298440271716,4.4935115935117824e-09,-1.0559752244752688e-10
-211.0,300.0,5.0,1096.8249632461873,4.523133651362418e-09,3.0983465511832566e-10
-210.5,300.0,5.0,1094.420508762514,4.553011327364512e-09,-1.0699576619306603e-10
-210.0,300.0,5.0,1092.0164833920778,4.583147324596279e-09,3.139455917348451e-10
-209.5,300.0,5.0,1089.6128899751507,4.613544379691113e-09,-1.0841829292274116e-10
-209.0,300.0,5.0,1087.2097313766099,4.644205263311471e-09,3.181280605368358e-10
-208.5,300.0,5.0,1084.807010486197,4.675132780630253e-09,-1.0986562034481095e-10
-208.0,300.0,5.0,1082.4047302187846,4.706329771819658e-09,3.223835893696466e-10
-207.5,300.0,5.0,1080.0028935146424,4.7377991125477885e-09,-1.1133827914487303e-10
-207.0,300.0,5.0,1077.6015033397086,4.769543714483026e-09,3.267137444420873e-10
-206.5,300.0,5.0,1075.2005626858647,4.801566525806355e-09,-1.1283681335644934e-10
-206.0,300.0,5.0,1072.800074571213,4.833870531731779e-09,3.311201314236269e-10
-205.5,300.0,5.0,1070.400042040358,4.86645875503494e-09,-1.143617807433211e-10
-205.0,300.0,5.0,1068.0004681646915,4.899334256590107e-09,3.3560439657642235e-10
-204.5,300.0,5.0,1065.6013560426807,4.9325001359156575e-09,-1.1591375319401794e-10
-204.0,300.0,5.0,1063.202708800161,4.965959531728202e-09,3.401682279233819e-10
-203.5,300.0,5.0,1060.804529590631,4.999715622505513e-09,-1.1749331712887954e-10
-203.0,300.0,5.0,1058.4068215955526,5.0337716270583945e-09,3.4481335645350003e-10
-202.5,300.0,5.0,1056.0095880246542,5.068130805111641e-09,-1.1910107392012356e-10
-202.0,300.0,5.0,1053.612832116238,5.102796457894269e-09,3.4954155736575745e-10
-201.5,300.0,5.0,1051.216557137491,5.137771928739142e-09,-1.2073764032536984e-10
-201.0,300.0,5.0,1048.8207663848004,5.173060603692186e-09,3.5435465135291475e-10
-200.5,300.0,5.0,1046.4254631840722,5.208665912131344e-09,-1.2240364893508658e-10
-200.0,300.0,5.0,1044.030650891055,5.244591327395431e-09,3.5925450592658703e-10
-199.5,300.0,5.0,1041.636332891667,5.2808403674230755e-09,-1.2409974863444228e-10
-199.0,300.0,5.0,1039.2425126023281,5.317416595401904e-09,3.642430367850305e-10
-198.5,300.0,5.0,1036.8491934702945,5.354323620428187e-09,-1.258266050800624e-10
-198.0,300.0,5.0,1034.456378974,5.391565098177051e-09,3.69322209225128e-10
-197.5,300.0,5.0,1032.0640726234005,5.429144731583512e-09,-1.2758490119221252e-10
-197.0,300.0,5.0,1029.6722779603226,5.467066271534489e-09,3.7449403960011253e-10
-196.5,300.0,5.0,1027.280998558817,5.505333517571992e-09,-1.2937533766294182e-10
-196.0,300.0,5.0,1024.8902380255165,5.543950318607664e-09,3.7976059682462504e-10
-195.5,300.0,5.0,1022.5,5.582920573648887e-09,-1.3119863348074884e-10
-195.0,300.0,5.0,1020.1102881551583,5.6222482325366625e-09,3.851240039287614e-10
-194.5,300.0,5.0,1017.7211061975672,5.661937296695458e-09,-1.3305552647234326e-10
-194.0,300.0,5.0,1015.3324578678651,5.701991819895208e-09,3.9058643966282175e-10
-193.5,300.0,5.0,1012.9443469411337,5.7424159090257445e-09,-1.34946773862105e-10
-193.0,300.0,5.0,1010.5567772272867,5.783213724883789e-09,3.9615014015453954e-10
-192.5,300.0,5.0,1008.1697525714605,5.824389482972795e-09,-1.3687315284986066e-10
-192.0,300.0,5.0,1005.7832768544126,5.8659474543158215e-09,4.018174006206338e-10
-191.5,300.0,5.0,1003.3973539929234,5.907891966281703e-09,-1.3883546120762003e-10
-191.0,300.0,5.0,1001.0119879402044,5.950227403424694e-09,4.075905771345916e-10
-190.5,300.0,5.0,998.6271826863116,5.9929582083378815e-09,-1.4083451789594022e-10
-190.0,300.0,5.0,996.2429422585637,6.036088882520571e-09,4.134720884526591e-10
-189.5,300.0,5.0,993.8592707219669,6.079623987259898e-09,-1.428711637006076e-10
-189.0,300.0,5.0,991.4761721796444,6.123568144526922e-09,4.194644179000942e-10
-188.5,300.0,5.0,989.0936507732723,6.167926037887433e-09,-1.4494626189035468e-10
-188.0,300.0,5.0,986.7117106835208,6.212702413427765e-09,4.2557011531980194e-10
-187.5,300.0,5.0,984.3303561305015,6.2579020806958535e-09,-1.4706069889635257e-10
-187.0,300.0,5.0,981.9495913742212,6.303529913657791e-09,4.3179179908555873e-10
-186.5,300.0,5.0,979.5694207150405,6.349590851670207e-09,-1.4921538501424986e-10
-186.0,300.0,5.0,977.1898484941398,6.396089900468672e-09,4.3813215818210405e-10
-185.5,300.0,5.0,974.8108790939913,6.4430321331724875e-09,-1.5141125512955345e-10
-185.0,300.0,5.0,972.4325169388362,6.490422691306089e-09,4.445939543544671e-10
-184.5,300.0,5.0,970.0547664951706,6.538266785837367e-09,-1.5364926946717813e-10
-184.0,300.0,5.0,967.6776322722355,6.586569698233241e-09,4.5118002432897707e-10
-183.5,300.0,5.0,965.3011188225154,6.635336781532736e-09,-1.559304143660193e-10
-183.0,300.0,5.0,962.925230742242,6.6845734614379e-09,4.578932821084962e-10
-182.5,300.0,5.0,960.5499726719063,6.734285237422871e-09,-1.5825570307943748e-10
-182.0,300.0,5.0,958.1753492967766,6.784477683861408e-09,4.647367213445065e-10
-181.5,300.0,5.0,955.801365347424,6.835156451173214e-09,-1.6062617660257053e-10
-181.0,300.0,5.0,953.4280256002547,6.886327266989392e-09,4.717134177887734e-10
-180.5,300.0,5.0,951.0553348780501,6.93799593733733e-09,-1.6304290452742725e-10
-180.0,300.0,5.0,948.6832980505138,6.990168347845421e-09,4.788265318274114e-10
-179.5,300.0,5.0,946.3119200348266,7.0428504649679135e-09,-1.6550698592674596e-10
-179.0,300.0,5.0,943.9412057962085,7.096048337230258e-09,4.860793111002727e-10
-178.5,300.0,5.0,941.571160348489,7.149768096495339e-09,-1.6801955026764048e-10
-178.0,300.0,5.0,939.201788754685,7.204015959250918e-09,4.93475093208688e-10
-177.5,300.0,5.0,936.8330961275866,7.258798227918691e-09,-1.7058175835608922e-10
-177.0,300.0,5.0,934.4650876303513,7.314121292185321e-09,5.010173085146945e-10
-176.5,300.0,5.0,932.0977684771057,7.369991630355864e-09,-1.731948033133628e-10
-176.0,300.0,5.0,929.7311439335567,7.426415810729921e-09,5.087094830349997e-10
-175.5,300.0,5.0,927.3652193176106,7.483400493000988e-09,-1.7585991158552322e-10
-175.0,300.0,5.0,925.0,7.540952429679364e-09,5.165552414330365e-10
-174.5,300.0,5.0,922.635491404921,7.59907846753904e-09,-1.7857834398716745e-10
-174.0,300.0,5.0,920.271699010678,7.657785549089008e-09,5.245583101125971e-10
-173.5,300.0,5.0,917.9086283503386,7.717080714069384e-09,-1.8135139678063054e-10
-173.0,300.0,5.0,915.5462850123963,7.776971100972832e-09,5.32722520416639e-10
-172.5,300.0,5.0,913.1846746414441,7.837463948591665e-09,-1.8418040279190412e-10
-172.0,300.0,5.0,910.823802938856,7.898566597591152e-09,5.410518119349939e-10
-171.5,300.0,5.0,908.4636756634796,7.96028649210941e-09,-1.8706673256457114e-10
-171.0,300.0,5.0,906.1042986323373,8.022631181384423e-09,5.49550235924833e-10
-170.5,300.0,5.0,903.7456777213378,8.085608321408585e-09,-1.9001179555310174e-10
-170.0,300.0,5.0,901.3878188659974,8.149225676611339e-09,5.582219588478768e-10
-169.5,300.0,5.0,899.0307280621726,8.213491121570303e-09,-1.930170413569021e-10
-169.0,300.0,5.0,896.6744113668016,8.278412642751462e-09,5.670712660284753e-10
-168.5,300.0,5.0,894.3188748986572,8.343998340278901e-09,-1.960839609965542e-10
-168.0,300.0,5.0,891.9641248391104,8.410256429734583e-09,5.76102565436819e-10
-167.5,300.0,5.0,889.6101674329043,8.47719524398871e-09,-1.992140882337347e-10
-167.0,300.0,5.0,887.25700898894,8.544823235061213e-09,5.853203916016932e-10
-166.5,300.0,5.0,884.9046558810729,8.613148976014876e-09,-2.0240900093634958e-10
-166.0,300.0,5.0,882.5531145489205,8.682181162880693e-09,5.947294096573275e-10
-165.5,300.0,5.0,880.2023914986826,8.75192861661593e-09,-2.0567032249047433e-10
-165.0,300.0,5.0,877.8524933039719,8.82240028509561e-09,6.043344195290493e-10
-164.5,300.0,5.0,875.5034266066581,8.893605245137808e-09,-2.089997232607385e-10
-164.0,300.0,5.0,873.155198117723,8.965552704563501e-09,6.141403602625999e-10
-163.5,300.0,5.0,870.807814618128,9.038252004291511e-09,-2.123989221008505e-10
-163.0,300.0,5.0,868.4612829596954,9.11171262046908e-09,6.241523145021321e-10
-162.5,300.0,5.0,866.1156100660004,9.18594416663884e-09,-2.1586968791601276e-10
-162.0,300.0,5.0,863.7708029332781,9.260956395942633e-09,6.343755131220704e-10
-161.5,300.0,5.0,861.4268686313424,9.336759203362948e-09,-2.1941384127902928e-10
-161.0,300.0,5.0,859.0838143045182,9.413362628002556e-09,6.448153400181752e-10
-160.5,300.0,5.0,856.7416471725884,9.49077685540299e-09,-2.2303325610197025e-10
-160.0,300.0,5.0,854.4003745317531,9.569012219902556e-09,6.554773370633251e-10
-159.5,300.0,5.0,852.060003755604,9.64807920703455e-09,-2.267298613653119e-10
-159.0,300.0,5.0,849.7205422961127,9.727988455966341e-09,6.663672092336944e-10
-158.5,300.0,5.0,847.3819976846333,9.808750761980027e-09,-2.3050564290653062e-10
-158.0,300.0,5.0,845.0443775329198,9.89037707899537e-09,6.774908299111829e-10
-157.5,300.0,5.0,842.7076895341587,9.972878522135703e-09,-2.3436264527018904e-10
-157.0,300.0,5.0,840.3719414640162,1.005626637033757e-08,6.888542463681236e-10
-156.5,300.0,5.0,838.037141181702,1.0140552069004766e-08,-2.38302973621612e-10
-156.0,300.0,5.0,835.7032966310471,1.0225747232707627e-08,7.004636854404725e-10
-155.5,300.0,5.0,833.3704158415992,1.0311863647928173e-08,-2.423287957263121e-10
-155.0,300.0,5.0,831.0385069297331,1.0398913275852037e-08,7.123255593958645e-10
-154.5,300.0,5.0,828.7075780997782,1.0486908255207808e-08,-2.464423439973835e-10
-154.0,300.0,5.0,826.3776376451628,1.0575860905154654e-08,7.244464720030939e-10
-153.5,300.0,5.0,824.0486939495748,1.0665783728219022e-08,-2.50645917613147e-10
-153.0,300.0,5.0,821.7207554881403,1.0756689413281146e-08,7.368332248097585e-10
-152.5,300.0,5.0,819.3938308286193,1.0848590838612267e-08,-2.549418847073883e-10
-152.0,300.0,5.0,817.0679286326199,1.094150107496334e-08,7.494928236349889e-10
-151.5,300.0,5.0,814.7430576568296,1.1035433388706061e-08,-2.5933268463459244e-10
-151.0,300.0,5.0,812.4192267542663,1.1130401245027079e-08,7.624324852843549e-10
-150.5,300.0,5.0,810.0964448755469,1.122641831117624e-08,-2.6382083031264165e-10
-150.0,300.0,5.0,807.7747210701756,1.1323498459769714e-08,7.756596444942254e-10
-149.5,300.0,5.0,805.4540644878515,1.1421655772148886e-08,-2.6840891064549883e-10
-149.0,300.0,5.0,803.1344843797955,1.152090454179593e-08,7.891819611130213e-10
-148.5,300.0,5.0,800.8159901000978,1.1621259277806868e-08,-2.730995930284614e-10
-148.0,300.0,5.0,798.4985911070852,1.1722734708423116e-08,8.030073275269835e-10
-147.5,300.0,5.0,796.1822969647089,1.182534578462238e-08,-2.778956259386259e-10
-147.0,300.0,5.0,793.8671173439545,1.1929107683769783e-08,8.171438763382302e-10
-146.5,300.0,5.0,791.5530620242714,1.2034035813330254e-08,-2.8279984161326095e-10
-146.0,300.0,5.0,789.2401408950257,1.214014581464299e-08,8.315999883030448e-10
-145.5,300.0,5.0,786.9283639569742,1.2247453566759022e-08,-2.87815158818837e-10
-145.0,300.0,5.0,784.6177413237608,1.2355975190342819e-08,8.463843005384832e-10
-144.5,300.0,5.0,782.3082832234362,1.2465727051638857e-08,-2.9294458571351315e-10
-144.0,300.0,5.0,780.0,1.2576725766504146e-08,8.61505715005534e-10
-143.5,300.0,5.0,777.6929021149672,1.2688988204507668e-08,-2.981912228059302e-10
-143.0,300.0,5.0,775.3870001489579,1.2802531493097724e-08,8.769734072771942e-10
-142.5,300.0,5.0,773.0823048033113,1.291737302183817e-08,-3.03558266013197e-10
-142.0,300.0,5.0,770.7788269017254,1.3033530446714476e-08,8.927968355999417e-10
-141.5,300.0,5.0,768.4765773919203,1.3151021694510702e-08,-3.090490098210015e-10
-141.0,300.0,5.0,766.1755673473281,1.3269864967258278e-08,9.089857502571921e-10
-140.5,300.0,5.0,763.8758079688085,1.3390078746757668e-08,-3.1466685054880517e-10
-140.0,300.0,5.0,761.5773105863908,1.3511681799173873e-08,9.255502032434104e-10
-139.5,300.0,5.0,759.2800866610423,1.3634693179706779e-08,-3.2041528972310933e-10
-139.0,300.0,5.0,756.9841477864645,1.3759132237337411e-08,9.425005582576127e-10
-138.5,300.0,5.0,754.6895056909166,1.3885018619650997e-08,-3.262979375617984e-10
-138.0,300.0,5.0,752.3961722390671,1.4012372277737926e-08,9.59847501025048e-10
-137.5,300.0,5.0,750.1041594338749,1.4141213471173574e-08,-3.3231851657257896e-10
-137.0,300.0,5.0,747.8134794184978,1.4271562773078009e-08,9.776020499558437e-10
-136.5,300.0,5.0,745.5241444782322,1.4403441075256526e-08,-3.384808652685284e-10
-136.0,300.0,5.0,743.2361670424818,1.4536869593422089e-08,9.957755671494131e-10
-135.5,300.0,5.0,740.9495596867577,1.4671869872500542e-08,-3.447889420037627e-10
-135.0,300.0,5.0,738.6643351347078,1.4808463792019732e-08,1.0143797697533517e-09
-134.5,300.0,5.0,736.3805062601807,1.4946673571583315e-08,-3.512468289322079e-10
-134.0,300.0,5.0,734.0980860893181,1.5086521776430393e-08,1.033426741685482e-09
-133.5,300.0,5.0,731.8170878026831,1.5228031323081774e-08,-3.578587360924217e-10
-133.0,300.0,5.0,729.5375247374188,1.537122548507392e-08,1.0529289457275636e-09
-132.5,300.0,5.0,727.2594103894428,1.55161278987814e-08,-3.6462900562136285e-10
-132.0,300.0,5.0,724.9827584156743,1.5662762569328785e-08,1.0728992359990219e-09
-131.5,300.0,5.0,722.7075826362969,1.5811153876592932e-08,-3.7156211609993393e-10
-131.0,300.0,5.0,720.4338970370565,1.5961326581296392e-08,1.093350870818803e-09
-130.5,300.0,5.0,718.1617157715941,1.611330583119292e-08,-3.7866268703303363e-10
-130.0,300.0,5.0,715.8910531638177,1.6267117167345782e-08,1.114297525963186e-09
-129.5,300.0,5.0,713.6219237103076,1.6422786530499784e-08,-3.8593548346674496e-10
-129.0,300.0,5.0,711.3543420827626,1.658034026754761e-08,1.1357533083270115e-09
-128.5,300.0,5.0,709.0883231304828,1.6739805138091405e-08,-3.93385420745148e-10
-128.0,300.0,5.0,706.8238818828917,1.6901208321100063e-08,1.1577327699953544e-09
-127.5,300.0,5.0,704.5610335520976,1.7064577421663124e-08,-4.0101756940908343e-10
-127.0,300.0,5.0,702.2997935354957,1.7229940477841686e-08,1.1802509227321555e-09
-126.5,300.0,5.0,700.0401774184107,1.7397325967616992e-08,-4.0883716023899933e-10
-126.0,300.0,5.0,697.7822009767805,1.7566762815937284e-08,1.203323252891704e-09
-125.5,300.0,5.0,695.5258801798823,1.7738280401863257e-08,-4.1684958944378654e-10
-125.0,300.0,5.0,693.2712311931024,1.7911908565812585e-08,1.2269657367581621e-09
-124.5,300.0,5.0,691.0182703807476,1.8087677616904e-08,-4.25060423997244e-10
-124.0,300.0,5.0,688.7670143089026,1.8265618340401005e-08,1.2511948563174689e-09
-123.5,300.0,5.0,686.517479748331,1.8445762005255663e-08,-4.3347540712350807e-10
-123.0,300.0,5.0,684.2696836774226,1.8628140371752442e-08,1.2760276154650424e-09
-122.5,300.0,5.0,682.023643285187,1.8812785699252362e-08,-4.421004639324305e-10
-122.0,300.0,5.0,679.7793759742935,1.8999730754037363e-08,1.3014815566515595e-09
-121.5,300.0,5.0,677.53689936416,1.918900881725479e-08,-4.5094170720548757e-10
-121.0,300.0,5.0,675.2962312940892,1.938065369296188e-08,1.327574777967889e-09
-120.5,300.0,5.0,673.0573898264546,1.9574699716270027e-08,-4.6000544333234564e-10
-120.0,300.0,5.0,670.820393249937,1.9771181761588248e-08,1.3543259506687951e-09
-119.5,300.0,5.0,668.585260082811,1.9970135250965648e-08,-4.692981783976927e-10
-119.0,300.0,5.0,666.3520090762839,2.0171596162532074e-08,1.3817543371334472e-09
-118.5,300.0,5.0,664.1206592178864,2.0375601039036346e-08,-4.788266244173541e-10
-118.0,300.0,5.0,661.8912297349165,2.0582186996481182e-08,1.409879809258961e-09
-117.5,300.0,5.0,659.6637400979381,2.0791391732853792e-08,-4.885977057220641e-10
-117.0,300.0,5.0,657.4382100243338,2.1003253536951143e-08,1.4387228672811534e-09
-116.5,300.0,5.0,655.2146594819136,2.1217811297298414e-08,-4.986185654865128e-10
-116.0,300.0,5.0,652.9931086925803,2.143510451115935e-08,1.4683046590144156e-09
-115.5,300.0,5.0,650.7735781360518,2.16551732936369e-08,-5.088965724004672e-10
-115.0,300.0,5.0,648.5560885536423,2.1878058386862163e-08,1.4986469995000583e-09
-114.5,300.0,5.0,646.340660952102,2.210380116926988e-08,-5.194393274778422e-10
-114.0,300.0,5.0,644.1273166075166,2.2332443664958206e-08,1.5297723910496373e-09
-113.5,300.0,5.0,641.9160770692692,2.2564028553130155e-08,-5.302546709985586e-10
-113.0,300.0,5.0,639.7069641640616,2.2798599177614556e-08,1.5617040436665973e-09
-112.5,300.0,5.0,637.5,2.3036199556463128e-08,-5.413506895768835e-10
-112.0,300.0,5.0,635.2952069707436,2.327687439162102e-08,1.5944658958260401e-09
-111.5,300.0,5.0,633.0926077597179,2.352066907866712e-08,-5.527357233486773e-10
-111.0,300.0,5.0,630.8922253443927,2.3767629716620773e-08,1.628082635588523e-09
-110.5,300.0,5.0,628.6940830006275,2.401780311781075e-08,-5.644183732685526e-10
-110.0,300.0,5.0,626.4982043070834,2.4271236817802385e-08,1.6625797220194635e-09
-109.5,300.0,5.0,624.3046131497027,2.4527979085378376e-08,-5.764075085063919e-10
-109.0,300.0,5.0,622.1133337262593,2.4788078932568212e-08,1.6979834068809226e-09
-108.5,300.0,5.0,619.9243905509768,2.5051586124721183e-08,-5.887122739309478e-10
-108.0,300.0,5.0,617.73780845922,2.5318551190617286e-08,1.7343207565572842e-09
-107.5,300.0,5.0,615.5536126122565,2.5589025432610097e-08,-6.013420976663372e-10
-107.0,300.0,5.0,613.3718285020922,2.5863060936795283e-08,1.771619674170477e-09
-106.5,300.0,5.0,611.1924819563801,2.6140710583197853e-08,-6.143066987051496e-10
-106.0,300.0,5.0,609.0155991434045,2.642202805597107e-08,1.8099089218340184e-09
-105.5,300.0,5.0,606.8412065771407,2.6707067853599154e-08,-6.276160945595801e-10
-105.0,300.0,5.0,604.6693311223912,2.6995885299095813e-08,1.8492181429880633e-09
-104.5,300.0,5.0,602.5,2.7288536550189766e-08,-6.412806089294594e-10
-104.0,300.0,5.0,600.3332407921454,2.758507860948806e-08,1.889577884749932e-09
-103.5,300.0,5.0,598.1690814477124,2.788556933460752e-08,-6.553108793632767e-10
-103.0,300.0,5.0,596.007550287746,2.819006744826388e-08,1.9310196202060757e-09
-102.5,300.0,5.0,593.8486760109852,2.8498632548307784e-08,-6.69717864885233e-10
-102.0,300.0,5.0,591.6924876994806,2.8811325117695844e-08,1.9735757705621653e-09
-101.5,300.0,5.0,589.5390148242948,2.9128206534384805e-08,-6.845128535580429e-10
-101.0,300.0,5.0,587.3882872512867,2.9449339081135705e-08,2.017279727057796e-09
-100.5,300.0,5.0,585.2403352469821,2.9774785955214415e-08,-6.997074699475387e-10
-100.0,300.0,5.0,583.09518948453,3.010461127797415e-08,2.0621658725412297e-09
-99.5,300.0,5.0,580.9528810497458,3.0438880104304855e-08,-7.153136824511641e-10
-99.0,300.0,5.0,578.8134414472421,3.07776584319334e-08,2.1082696025874384e-09
-98.5,300.0,5.0,576.6769026066503,3.1121013210557586e-08,-7.313438104481033e-10
-98.0,300.0,5.0,574.543296888929,3.1469012350796617e-08,2.1556273460295685e-09
-97.5,300.0,5.0,572.4126570927656,3.182172473293887e-08,-7.478105312240634e-10
-97.0,300.0,5.0,570.2850164610675,3.2179220215467755e-08,2.2042765847595412e-09
-96.5,300.0,5.0,568.1604086875466,3.254156964334473e-08,-7.647268866186012e-10
-96.0,300.0,5.0,566.0388679233962,3.2908844856028e-08,2.254255872637918e-09
-95.5,300.0,5.0,563.9204287840616,3.328111869520405e-08,-7.821062893372952e-10
-95.0,300.0,5.0,561.8051263561058,3.3658465012208e-08,2.305604853336248e-09
-94.5,300.0,5.0,559.692996204169,3.404095867510795e-08,-7.999625288650369e-10
-94.0,300.0,5.0,557.584074378026,3.442867557542679e-08,2.3583642769167353e-09
-93.5,300.0,5.0,555.4783974197377,3.4821692634474086e-08,-8.183097769101411e-10
-93.0,300.0,5.0,553.3760023709015,3.522008780925896e-08,2.4125760149342392e-09
-92.5,300.0,5.0,551.2769267799987,3.562394009795391e-08,-8.371625923019169e-10
-92.0,300.0,5.0,549.1812087098392,3.60333295448779e-08,2.4682830738241365e-09
-91.5,300.0,5.0,547.0888867451065,3.644833724496525e-08,-8.565359252566834e-10
-91.0,300.0,5.0,545.0,3.6869045347686116e-08,2.525529606316499e-09
-90.5,300.0,5.0,542.9145881259777,3.729553706038199e-08,-8.764451209189768e-10
-90.0,300.0,5.0,540.8326913195984,3.772789665097842e-08,2.584360920592022e-09
-89.5,300.0,5.0,538.7543503304637,3.816620945003538e-08,-8.969059220758313e-10
-89.0,300.0,5.0,536.6796064692602,3.861056185209388e-08,2.644823486868431e-09
-88.5,300.0,5.0,534.6085016159021,3.906104131627576e-08,-9.179344709324804e-10
-88.0,300.0,5.0,532.5410782277739,3.951773636609155e-08,2.7069649410772712e-09
-87.5,300.0,5.0,530.4773793480737,3.998073658840933e-08,-9.395473098276192e-10
-87.0,300.0,5.0,528.4174486142562,4.045013263153592e-08,2.7708340852602107e-09
-86.5,300.0,5.0,526.3613302665765,4.092601620235888e-08,-9.617613807554338e-10
-86.0,300.0,5.0,524.3090691567331,4.140848006249661e-08,2.8364808842810177e-09
-85.5,300.0,5.0,522.2607107566105,4.1897618023400794e-08,-9.845940235499187e-10
-85.0,300.0,5.0,520.2163011671203,4.2393524940353925e-08,2.9039564584142442e-09
-84.5,300.0,5.0,518.1758871271414,4.2896296705301436e-08,-1.0080629725745837e-09
-84.0,300.0,5.0,516.1395160225576,4.3406030238456664e-08,2.973313071334282e-09
-83.5,300.0,5.0,514.1072358953918,4.392282347861315e-08,-1.0321863517474091e-09
-83.0,300.0,5.0,512.0790954530364,4.444677537209769e-08,3.044604112988692e-09
-82.5,300.0,5.0,510.05514407757914,4.49779858602933e-08,-1.0569826677168925e-09
-82.0,300.0,5.0,508.0354318352215,4.551655586566037e-08,3.1178840767977357e-09
-81.5,300.0,5.0,506.020009485791,4.606258727617979e-08,-1.082470800990225e-09
-81.0,300.0,5.0,504.0089284923433,4.66161829281407e-08,3.193208530577638e-09
-80.5,300.0,5.0,502.00224103085435,4.71774465871912e-08,-1.1086699947989932e-09
-80.0,300.0,5.0,500.0,4.77464829275686e-08,3.2706340805384494e-09
-79.5,300.0,5.0,498.00225903102086,4.832339750942203e-08,-1.1355998414714178e-09
-79.0,300.0,5.0,496.0090724976711,4.890829675413755e-08,3.3502183276584227e-09
-78.5,300.0,5.0,494.0204955262484,4.9501287917572875e-08,-1.1632802660629626e-09
-78.0,300.0,5.0,492.03658400570174,5.010247906110544e-08,3.432019815685723e-09
-77.5,300.0,5.0,490.0573945978165,5.0711979020394424e-08,-1.191731506979269e-09
-77.0,300.0,5.0,488.082984747471,5.1329897371754496e-08,3.5160979699651833e-09
-76.5,300.0,5.0,486.11341269296406,5.195634439603493e-08,-1.2209740933068208e-09
-76.0,300.0,5.0,484.1487374764082,5.259143103989547e-08,3.60251302623284e-09
-75.5,300.0,5.0,482.18901895418566,5.323526887436635e-08,-1.2510288185476093e-09
-75.0,300.0,5.0,480.23431780746364,5.388797005057629e-08,3.691325948464476e-09
-74.5,300.0,5.0,478.2846955527638,5.454964725253003e-08,-1.2819167104344556e-09
-74.0,300.0,5.0,476.34021455258215,5.5220413646812136e-08,3.782598334806632e-09
-73.5,300.0,5.0,474.40093802605406,5.590038282909183e-08,-1.313658996483658e-09
-73.0,300.0,5.0,472.46693005966034,5.6589668767298976e-08,3.87639231055998e-09
-72.5,300.0,5.0,470.5382556179678,5.7288385741339174e-08,-1.3462770649214707e-09
-72.0,300.0,5.0,468.61498055439927,5.799664827921191e-08,3.972770407126016e-09
-71.5,300.0,5.0,466.69717162202727,5.8714571089392375e-08,-1.3797924206007208e-09
-71.0,300.0,5.0,464.7848964843845,5.944226898933519e-08,4.0717954257694605e-09
-70.5,300.0,5.0,462.8782237262842,6.017985682995422e-08,-1.414226635503924e-09
-70.0,300.0,5.0,460.9772228646444,6.092744941593004e-08,4.173530284991208e-09
-69.5,300.0,5.0,459.081964359307,6.168516142169406e-08,-1.4496012934098103e-09
-69.0,300.0,5.0,457.1925196238451,6.245310730293473e-08,4.2780378502510294e-09
-68.5,300.0,5.0,455.30896103634944,6.323140120346935e-08,-1.4859379282815296e-09
-68.0,300.0,5.0,453.43136195018536,6.402015685732226e-08,4.385380744726575e-09
-67.5,300.0,5.0,451.55979670471106,6.481948748584767e-08,-1.5232579559174203e-09
-67.0,300.0,5.0,449.694340635948,6.562950568973363e-08,4.495621139746754e-09
-66.5,300.0,5.0,447.8350700871918,6.645032333572196e-08,-1.561582598389466e-09
-66.0,300.0,5.0,445.9820624195552,6.728205143787667e-08,4.608820523494552e-09
-65.5,300.0,5.0,444.1353960224292,6.812480003323319e-08,-1.60093280078098e-09
-65.0,300.0,5.0,442.2951503238533,6.897867805165879e-08,4.7250394465386274e-09
-64.5,300.0,5.0,440.4614058007807,6.984379317975465e-08,-1.6413291397242342e-09
-64.0,300.0,5.0,438.63424398922615,7.072025171862963e-08,4.84433724272613e-09
-63.5,300.0,5.0,436.81374749428386,7.160815843537593e-08,-1.6827917232313345e-09
-63.0,300.0,5.0,435.0,7.250761640807803e-08,4.9667717239533456e-09
-62.5,300.0,5.0,433.1930862790864,7.341872686418657e-08,-1.7253400813083844e-09
-62.0,300.0,5.0,431.3930922024598,7.434158901209193e-08,5.0923988473282976e-09
-61.5,300.0,5.0,429.6001047485906,7.527629986573328e-08,-1.7689930468447322e-09
-61.0,300.0,5.0,427.8142120126446,7.622295406208319e-08,5.221272353252698e-09
-60.5,300.0,5.0,426.03550321540104,7.718164367135044e-08,-1.8137686262767353e-09
-60.0,300.0,5.0,424.26406871192853,7.815245799974879e-08,5.353443372982793e-09
-59.5,300.0,5.0,422.5,7.913548338468517e-08,-1.8596838595401014e-09
-59.0,300.0,5.0,420.7433897282285,8.013080298222515e-08,5.488960004282423e-09
-58.5,300.0,5.0,418.9943317039027,8.113849654670276e-08,-1.9067546688475147e-09
-58.0,300.0,5.0,417.2529209005013,8.215864020234828e-08,5.627866853860857e-09
-57.5,300.0,5.0,415.51925346486655,8.31913062068163e-08,-1.954995695860183e-09
-57.0,300.0,5.0,413.7934267240116,8.423656270650846e-08,5.77020454539583e-09
-56.5,300.0,5.0,412.0755391915419,8.529447348359373e-08,-2.0044201268644527e-09
-56.0,300.0,5.0,410.3656905736638,8.636509769464379e-08,5.9160091920831e-09
-55.5,300.0,5.0,408.6639817747583,8.744848960081358e-08,-2.055039505619119e-09
-55.0,300.0,5.0,406.97051490249265,8.854469828951249e-08,6.065311832831606e-09
-54.5,300.0,5.0,405.2853932724445,8.96537673875281e-08,-2.1068635336069104e-09
-54.0,300.0,5.0,403.6087214122113,9.077573476558217e-08,6.218137831442379e-09
-53.5,300.0,5.0,401.9406050649772,9.191063223431833e-08,-2.1598998575064807e-09
-53.0,300.0,5.0,400.2811511925087,9.305848523174132e-08,6.374506238374281e-09
-52.5,300.0,5.0,398.63046797754936,9.421931250215129e-08,-2.2141538438005554e-09
-52.0,300.0,5.0,396.9886648255842,9.53931257666402e-08,6.5344291150148545e-09
-51.5,300.0,5.0,395.35585236594136,9.657992938524409e-08,-2.269628340553236e-09
-51.0,300.0,5.0,393.7321424522006,9.77797200108727e-08,6.69791082074478e-09
-50.5,300.0,5.0,392.117648161875,9.899248623516846e-08,-2.326323426526459e-09
-50.0,300.0,5.0,390.51248379533274,1.0021820822647817e-07,6.864947263513755e-09
-49.5,300.0,5.0,388.91676487392516,1.0145685736015431e-07,-2.384236147963626e-09
-49.0,300.0,5.0,387.3306081372863,1.0270839584144019e-07,7.0355251151386535e-09
-48.5,300.0,5.0,385.7541315397672,1.0397277632122954e-07,-2.4433602435488943e-09
-48.0,300.0,5.0,384.1874542459709,1.0524994150503182e-07,7.20962099309468e-09
-47.5,300.0,5.0,382.6306966253492,1.0653982375551744e-07,-2.50368585825466e-09
-47.0,300.0,5.0,381.08398024582453,1.0784234468905984e-07,7.3872006112006e-09
-46.5,300.0,5.0,379.54742786639986,1.0915741476673902e-07,-2.565199247018367e-09
-46.0,300.0,5.0,378.02116342871597,1.1048493288031932e-07,7.568217902301874e-09
-45.5,300.0,5.0,376.50531204751945,1.1182478593376396e-07,-2.627882469443453e-09
-45.0,300.0,5.0,375.0,1.1317684842090336e-07,7.75261411683188e-09
-44.5,300.0,5.0,373.5053547139585,1.145409819999263e-07,-2.691713076998268e-09
-44.0,300.0,5.0,372.0215047547655,1.159170350654217e-07,7.940316901981387e-09
-43.5,300.0,5.0,370.54857981106875,1.1730484231875636e-07,-2.7566637944907747e-09
-43.0,300.0,5.0,369.08671067921154,1.187042243376329e-07,8.131239367127854e-09
-42.5,300.0,5.0,367.63602924631857,1.2011498714573627e-07,-2.8227021979248024e-09
-42.0,300.0,5.0,366.1966684720111,1.2153692178343773e-07,8.325279142165485e-09
-41.5,300.0,5.0,364.7687623687094,1.2296980388059136e-07,-2.8897903911938968e-09
-41.0,300.0,5.0,363.35244598048325,1.2441339323252263e-07,8.5223174364278e-09
-40.5,300.0,5.0,361.9478553604096,1.2586743338037564e-07,-2.9578846844388277e-09
-40.0,300.0,5.0,360.5551275463989,1.2733165119705218e-07,8.722218106998076e-09
-39.5,300.0,5.0,359.17440053545016,1.2880575648004304e-07,-3.0269352772810114e-09
-39.0,300.0,5.0,357.80581325629686,1.302894415525199e-07,8.924826746347614e-09
-38.5,300.0,5.0,356.4495055404061,1.3178238087412303e-07,-3.0968859505418914e-09
-38.0,300.0,5.0,355.10561809129405,1.33284230662947e-07,9.12996980041187e-09
-37.5,300.0,5.0,353.77429245212267,1.3479462853029065e-07,-3.1676737704618304e-09
-37.0,300.0,5.0,352.4556709715422,1.3631319312980547e-07,9.337453729391675e-09
-36.5,300.0,5.0,351.14989676774786,1.378395238227335e-07,-3.2392288098342372e-09
-36.0,300.0,5.0,349.85711369071805,1.393732003609914e-07,9.547064224727913e-09
-35.5,300.0,5.0,348.5774662826041,1.4091378258991217e-07,-3.311473890862936e-09
-35.0,300.0,5.0,347.3110997362451,1.4246081017250786e-07,9.75856549681679e-09
-34.5,300.0,5.0,346.0581598517798,1.4401380233717177e-07,-3.3843243549235365e-09
-34.0,300.0,5.0,344.81879299133334,1.4557225765078037e-07,9.971699649078456e-09
-33.5,300.0,5.0,343.5931460317566,1.4713565381919718e-07,-3.457687864751134e-09
-33.0,300.0,5.0,342.3813663153998,1.4870344751721596e-07,1.0186186154929293e-08
-32.5,300.0,5.0,341.1836015989045,1.5027507425000918e-07,-3.5314642448752156e-09
-32.0,300.0,5.0,340.0,1.5184994824817004e-07,1.0401721454999648e-08
-31.5,300.0,5.0,338.8307099422955,1.5342746239844996e-07,-3.605545366363574e-09
-31.0,300.0,5.0,337.6758800980609,1.5500698821229945e-07,1.0617978692542513e-08
-30.5,300.0,5.0,336.53565932899295,1.5658787583431787e-07,-3.67981508210647e-09
-30.0,300.0,5.0,335.4101966249685,1.5816945409270598e-07,1.0834607605350361e-08
-29.5,300.0,5.0,334.29964104078846,1.5975103059378938e-07,-3.75414921895405e-09
-29.0,300.0,5.0,333.2041416309227,1.6133189186265158e-07,1.1051234592591634e-08
-28.5,300.0,5.0,332.1238473822679,1.6291130353186724e-07,-3.8284156329988805e-09
-28.0,300.0,5.0,331.058907144937,1.6448851058027083e-07,1.1267462974748553e-08
-27.5,300.0,5.0,330.00946956110215,1.6606273762362546e-07,-3.902474334155198e-09
-27.0,300.0,5.0,328.97568299191965,1.676331892589739e-07,1.1482873464239712e-08
-26.5,300.0,5.0,327.95769544256774,1.691990504643581e-07,-3.976177685912415e-09
-26.0,300.0,5.0,326.9556544854363,1.7075948705548343e-07,1.1697024863300615e-08
-25.5,300.0,5.0,325.96970718151096,1.723136462007768e-07,-4.049370685718255e-09
-25.0,300.0,5.0,325.0,1.738606569961533e-07,1.1909455004236502e-08
-24.5,300.0,5.0,324.0466787362586,1.753996311006478e-07,-4.1218913308652235e-09
-24.0,300.0,5.0,323.10988842807024,1.7692966343390174e-07,1.211968194522227e-08
-23.5,300.0,5.0,322.1897732703507,1.7844983293631209e-07,-4.193571074003334e-09
-23.0,300.0,5.0,321.2864765283469,1.7995920339245088e-07,1.2327205432382886e-08
-22.5,300.0,5.0,320.40014044940744,1.814568243181521e-07,-4.264235371476574e-09
-22.0,300.0,5.0,319.53090617340916,1.8294173191143673e-07,1.2531508635933417e-08
-21.5,300.0,5.0,318.67891364192894,1.8441295006720656e-07,-4.333704326579354e-09
-21.0,300.0,5.0,317.8443015062564,1.8586949145538645e-07,1.2732060164693973e-08
-20.5,300.0,5.0,317.02720703434903,1.8731035866192991e-07,-4.401793428555353e-09
-20.0,300.0,5.0,316.22776601683796,1.8873454539182632e-07,1.2928316359340104e-08
-19.5,300.0,5.0,315.44611267219636,1.9014103773296618e-07,-4.468314386724705e-09
-19.0,300.0,5.0,314.6823795511913,1.915288154794224e-07,1.3119723860340436e-08
-18.5,300.0,5.0,313.936697440742,1.9289685351240925e-07,-4.533076057541618e-09
-18.0,300.0,5.0,313.2091952673165,1.9424412323686784e-07,1.3305722441725448e-08
-17.5,300.0,5.0,312.5,1.95569594071321e-07,-4.595885460676044e-09
-17.0,300.0,5.0,311.8092365533773,1.9687223498832153e-07,1.3485748096700026e-08
-16.5,300.0,5.0,311.1370276903731,1.9815101610250614e-07,-4.6565488784088945e-09
-16.0,300.0,5.0,310.4834939252005,1.994049103029529e-07,1.3659236355752274e-08
-15.5,300.0,5.0,309.848753426571,2.0063289492623038e-07,-4.714873030766414e-09
-15.0,300.0,5.0,309.23292192132453,2.0183395346622143e-07,1.382562581243617e-08
-14.5,300.0,5.0,308.6361125986394,2.0300707731650956e-07,-4.7706663169379744e-09
-14.0,300.0,5.0,308.05843601498725,2.0415126754082935e-07,1.3984361826546811e-08
-13.5,300.0,5.0,307.5,2.0526553666680577e-07,-4.823740111669936e-09
-13.0,300.0,5.0,306.9609095634166,2.063489104979535e-07,1.4134900369109815e-08
-12.5,300.0,5.0,306.44126680328156,2.0740042993866003e-07,-4.873910103558511e-09
-12.0,300.0,5.0,305.9411708155671,2.0841915282665689e-07,1.4276711968625997e-08
-11.5,300.0,5.0,305.4607176053903,2.0940415576728302e-07,-4.920997660531151e-09
-11.0,300.0,5.0,305.0,2.103545359636648e-07,1.440928571351104e-08
-10.5,300.0,5.0,304.5591075637043,2.112694130367889e-07,-4.964831206364539e-09
-10.0,300.0,5.0,304.138126514911,2.1214793082931917e-07,1.4532133261808365e-08
-9.5,300.0,5.0,303.73713964545067,2.129892591869168e-07,-5.005247590892545e-09
-9.0,300.0,5.0,303.35622624235026,2.1379259571075853e-07,1.464479280618696e-08
-8.5,300.0,5.0,302.9954620122222,2.1455716747492052e-07,-5.042093435660632e-09
-8.0,300.0,5.0,302.65491900843114,2.1528223270229744e-07,1.4746832940107375e-08
-7.5,300.0,5.0,302.3346655611956,2.159670823927665e-07,-5.075226436230013e-09
-7.0,300.0,5.0,302.03476621077914,2.1661104189737934e-07,1.4837856369970486e-08
-6.5,300.0,5.0,301.75528164391756,2.1721347243247678e-07,-5.1045166021632045e-09
-6.0,300.0,5.0,301.4962686336267,2.1777377252776441e-07,1.4917503418151862e-08
-5.5,300.0,5.0,301.2577799825259,2.182913794025721e-07,-5.1298474159604446e-09
-5.0,300.0,5.0,301.0398644698074,2.187657702647358e-07,1.4985455263134402e-08
-4.5,300.0,5.0,300.8425668019737,2.191964635267931e-07,-5.151116892879638e-09
-4.0,300.0,5.0,300.66592756745814,2.195830199344669e-07,1.5041436865510983e-08
-3.5,300.0,5.0,300.50998319523427,2.1992504360273306e-07,-5.1682385246642266e-09
-3.0,300.0,5.0,300.3747659175118,2.2022218295511318e-07,1.5085219532425253e-08
-2.5,300.0,5.0,300.26030373660785,2.2047413156220975e-07,-5.181142091711929e-09
-2.0,300.0,5.0,300.1666203960727,2.2068062887590448e-07,1.5116623077999457e-08
-1.5,300.0,5.0,300.0937353561383,2.2084146085606995e-07,-5.189774330117644e-09
-1.0,300.0,5.0,300.04166377354994,2.2095646048708713e-07,1.513551754336547e-08
-0.5,300.0,5.0,300.01041648582805,2.2102550818193248e-07,-5.194099442275413e-09
0.0,300.0,5.0,300.0,2.2104853207207685e-07,1.5141824446937266e-08
0.5,300.0,5.0,300.01041648582805,2.2102550818193248e-07,-5.194099442275413e-09
1.0,300.0,5.0,300.04166377354994,2.2095646048708713e-07,1.513551754336547e-08
1.5,300.0,5.0,300.0937353561383,2.2084146085606995e-07,-5.189774330117644e-09
2.0,300.0,5.0,300.1666203960727,2.2068062887590448e-07,1.5116623077999457e-08
2.5,300.0,5.0,300.26030373660785,2.2047413156220975e-07,-5.181142091711929e-09
3.0,300.0,5.0,300.3747659175118,2.2022218295511318e-07,1.5085219532425253e-08
3.5,300.0,5.0,300.50998319523427,2.1992504360273306e-07,-5.1682385246642266e-09
4.0,300.0,5.0,300.66592756745814,2.195830199344669e-07,1.5041436865510983e-08
4.5,300.0,5.0,300.8425668019737,2.191964635267931e-07,-5.151116892879638e-09
5.0,300.0,5.0,301.0398644698074,2.187657702647358e-07,1.4985455263134402e-08
5.5,300.0,5.0,301.2577799825259,2.182913794025721e-07,-5.1298474159604446e-09
6.0,300.0,5.0,301.4962686336267,2.1777377252776441e-07,1.4917503418151862e-08
6.5,300.0,5.0,301.75528164391756,2.1721347243247678e-07,-5.1045166021632045e-09
7.0,300.0,5.0,302.03476621077914,2.1661104189737934e-07,1.4837856369970486e-08
7.5,300.0,5.0,302.3346655611956,2.159670823927665e-07,-5.075226436230013e-09
8.0,300.0,5.0,302.65491900843114,2.1528223270229744e-07,1.4746832940107375e-08
8.5,300.0,5.0,302.9954620122222,2.1455716747492052e-07,-5.042093435660632e-09
9.0,300.0,5.0,303.35622624235026,2.1379259571075853e-07,1.464479280618696e-08
9.5,300.0,5.0,303.73713964545067,2.129892591869168e-07,-5.005247590892545e-09
10.0,300.0,5.0,304.138126514911,2.1214793082931917e-07,1.4532133261808365e-08
10.5,300.0,5.0,304.5591075637043,2.112694130367889e-07,-4.964831206364539e-09
11.0,300.0,5.0,305.0,2.103545359636648e-07,1.440928571351104e-08
11.5,300.0,5.0,305.4607176053903,2.0940415576728302e-07,-4.920997660531151e-09
12.0,300.0,5.0,305.9411708155671,2.0841915282665689e-07,1.4276711968625997e-08
12.5,300.0,5.0,306.44126680328156,2.0740042993866003e-07,-4.873910103558511e-09
13.0,300.0,5.0,306.9609095634166,2.063489104979535e-07,1.4134900369109815e-08
13.5,300.0,5.0,307.5,2.0526553666680577e-07,-4.823740111669936e-09
14.0,300.0,5.0,308.05843601498725,2.0415126754082935e-07,1.3984361826546811e-08
14.5,300.0,5.0,308.6361125986394,2.0300707731650956e-07,-4.7706663169379744e-09
15.0,300.0,5.0,309.23292192132453,2.0183395346622143e-07,1.382562581243617e-08
15.5,300.0,5.0,309.848753426571,2.0063289492623038e-07,-4.714873030766414e-09
16.0,300.0,5.0,310.4834939252005,1.994049103029529e-07,1.3659236355752274e-08
16.5,300.0,5.0,311.1370276903731,1.9815101610250614e-07,-4.6565488784088945e-09
17.0,300.0,5.0,311.8092365533773,1.9687223498832153e-07,1.3485748096700026e-08
17.5,300.0,5.0,312.5,1.95569594071321e-07,-4.595885460676044e-09
18.0,300.0,5.0,313.2091952673165,1.9424412323686784e-07,1.3305722441725448e-08
18.5,300.0,5.0,313.936697440742,1.9289685351240925e-07,-4.533076057541618e-09
19.0,300.0,5.0,314.6823795511913,1.915288154794224e-07,1.3119723860340436e-08
19.5,300.0,5.0,315.44611267219636,1.9014103773296618e-07,-4.468314386724705e-09
20.0,300.0,5.0,316.22776601683796,1.8873454539182632e-07,1.2928316359340104e-08
20.5,300.0,5.0,317.02720703434903,1.8731035866192991e-07,-4.401793428555353e-09
21.0,300.0,5.0,317.8443015062564,1.8586949145538645e-07,1.2732060164693973e-08
21.5,300.0,5.0,318.67891364192894,1.8441295006720656e-07,-4.333704326579354e-09
22.0,300.0,5.0,319.53090617340916,1.8294173191143673e-07,1.2531508635933417e-08
22.5,300.0,5.0,320.40014044940744,1.814568243181521e-07,-4.264235371476574e-09
23.0,300.0,5.0,321.2864765283469,1.7995920339245088e-07,1.2327205432382886e-08
23.5,300.0,5.0,322.1897732703507,1.7844983293631209e-07,-4.193571074003334e-09
24.0,300.0,5.0,323.10988842807024,1.7692966343390174e-07,1.211968194522227e-08
24.5,300.0,5.0,324.0466787362586,1.753996311006478e-07,-4.1218913308652235e-09
25.0,300.0,5.0,325.0,1.738606569961533e-07,1.1909455004236502e-08
25.5,300.0,5.0,325.96970718151096,1.723136462007768e-07,-4.049370685718255e-09
26.0,300.0,5.0,326.9556544854363,1.7075948705548343e-07,1.1697024863300615e-08
26.5,300.0,5.0,327.95769544256774,1.691990504643581e-07,-3.976177685912415e-09
27.0,300.0,5.0,328.97568299191965,1.676331892589739e-07,1.1482873464239712e-08
27.5,300.0,5.0,330.00946956110215,1.6606273762362546e-07,-3.902474334155198e-09
28.0,300.0,5.0,331.058907144937,1.6448851058027083e-07,1.1267462974748553e-08
28.5,300.0,5.0,332.1238473822679,1.6291130353186724e-07,-3.8284156329988805e-09
29.0,300.0,5.0,333.2041416309227,1.6133189186265158e-07,1.1051234592591634e-08
29.5,300.0,5.0,334.29964104078846,1.5975103059378938e-07,-3.75414921895405e-09
30.0,300.0,5.0,335.4101966249685,1.5816945409270598e-07,1.0834607605350361e-08
30.5,300.0,5.0,336.53565932899295,1.5658787583431787e-07,-3.67981508210647e-09
31.0,300.0,5.0,337.6758800980609,1.5500698821229945e-07,1.0617978692542513e-08
31.5,300.0,5.0,338.8307099422955,1.5342746239844996e-07,-3.605545366363574e-09
32.0,300.0,5.0,340.0,1.5184994824817004e-07,1.0401721454999648e-08
32.5,300.0,5.0,341.1836015989045,1.5027507425000918e-07,-3.5314642448752156e-09
33.0,300.0,5.0,342.3813663153998,1.4870344751721596e-07,1.0186186154929293e-08
33.5,300.0,5.0,343.5931460317566,1.4713565381919718e-07,-3.457687864751134e-09
34.0,300.0,5.0,344.81879299133334,1.4557225765078037e-07,9.971699649078456e-09
34.5,300.0,5.0,346.0581598517798,1.4401380233717177e-07,-3.3843243549235365e-09
35.0,300.0,5.0,347.3110997362451,1.4246081017250786e-07,9.75856549681679e-09
35.5,300.0,5.0,348.5774662826041,1.4091378258991217e-07,-3.311473890862936e-09
36.0,300.0,5.0,349.85711369071805,1.393732003609914e-07,9.547064224727913e-09
36.5,300.0,5.0,351.14989676774786,1.378395238227335e-07,-3.2392288098342372e-09
37.0,300.0,5.0,352.4556709715422,1.3631319312980547e-07,9.337453729391675e-09
37.5,300.0,5.0,353.77429245212267,1.3479462853029065e-07,-3.1676737704618304e-09
38.0,300.0,5.0,355.10561809129405,1.33284230662947e-07,9.12996980041187e-09
38.5,300.0,5.0,356.4495055404061,1.3178238087412303e-07,-3.0968859505418914e-09
39.0,300.0,5.0,357.80581325629686,1.302894415525199e-07,8.924826746347614e-09
39.5,300.0,5.0,359.17440053545016,1.2880575648004304e-07,-3.0269352772810114e-09
40.0,300.0,5.0,360.5551275463989,1.2733165119705218e-07,8.722218106998076e-09
40.5,300.0,5.0,361.9478553604096,1.2586743338037564e-07,-2.9578846844388277e-09
41.0,300.0,5.0,363.35244598048325,1.2441339323252263e-07,8.5223174364278e-09
41.5,300.0,5.0,364.7687623687094,1.2296980388059136e-07,-2.8897903911938968e-09
42.0,300.0,5.0,366.1966684720111,1.2153692178343773e-07,8.325279142165485e-09
42.5,300.0,5.0,367.63602924631857,1.2011498714573627e-07,-2.8227021979248024e-09
43.0,300.0,5.0,369.08671067921154,1.187042243376329e-07,8.131239367127854e-09
43.5,300.0,5.0,370.54857981106875,1.1730484231875636e-07,-2.7566637944907747e-09
44.0,300.0,5.0,372.0215047547655,1.159170350654217e-07,7.940316901981387e-09
44.5,300.0,5.0,373.5053547139585,1.145409819999263e-07,-2.691713076998268e-09
45.0,300.0,5.0,375.0,1.1317684842090336e-07,7.75261411683188e-09
45.5,300.0,5.0,376.50531204751945,1.1182478593376396e-07,-2.627882469443453e-09
46.0,300.0,5.0,378.02116342871597,1.1048493288031932e-07,7.568217902301874e-09
46.5,300.0,5.0,379.54742786639986,1.0915741476673902e-07,-2.565199247018367e-09
47.0,300.0,5.0,381.08398024582453,1.0784234468905984e-07,7.3872006112006e-09
47.5,300.0,5.0,382.6306966253492,1.0653982375551744e-07,-2.50368585825466e-09
48.0,300.0,5.0,384.1874542459709,1.0524994150503182e-07,7.20962099309468e-09
48.5,300.0,5.0,385.7541315397672,1.0397277632122954e-07,-2.4433602435488943e-09
49.0,300.0,5.0,387.3306081372863,1.0270839584144019e-07,7.0355251151386535e-09
49.5,300.0,5.0,388.91676487392516,1.0145685736015431e-07,-2.384236147963626e-09
50.0,300.0,5.0,390.51248379533274,1.0021820822647817e-07,6.864947263513755e-09
50.5,300.0,5.0,392.117648161875,9.899248623516846e-08,-2.326323426526459e-09
51.0,300.0,5.0,393.7321424522006,9.77797200108727e-08,6.69791082074478e-09
51.5,300.0,5.0,395.35585236594136,9.657992938524409e-08,-2.269628340553236e-09
52.0,300.0,5.0,396.9886648255842,9.53931257666402e-08,6.5344291150148545e-09
52.5,300.0,5.0,398.63046797754936,9.421931250215129e-08,-2.2141538438005554e-09
53.0,300.0,5.0,400.2811511925087,9.305848523174132e-08,6.374506238374281e-09
53.5,300.0,5.0,401.9406050649772,9.191063223431833e-08,-2.1598998575064807e-09
54.0,300.0,5.0,403.6087214122113,9.077573476558217e-08,6.218137831442379e-09
54.5,300.0,5.0,405.2853932724445,8.96537673875281e-08,-2.1068635336069104e-09
55.0,300.0,5.0,406.97051490249265,8.854469828951249e-08,6.065311832831606e-09
55.5,300.0,5.0,408.6639817747583,8.744848960081358e-08,-2.055039505619119e-09
56.0,300.0,5.0,410.3656905736638,8.636509769464379e-08,5.9160091920831e-09
56.5,300.0,5.0,412.0755391915419,8.529447348359373e-08,-2.0044201268644527e-09
57.0,300.0,5.0,413.7934267240116,8.423656270650846e-08,5.77020454539583e-09
57.5,300.0,5.0,415.51925346486655,8.31913062068163e-08,-1.954995695860183e-09
58.0,300.0,5.0,417.2529209005013,8.215864020234828e-08,5.627866853860857e-09
58.5,300.0,5.0,418.9943317039027,8.113849654670276e-08,-1.9067546688475147e-09
59.0,300.0,5.0,420.7433897282285,8.013080298222515e-08,5.488960004282423e-09
59.5,300.0,5.0,422.5,7.913548338468517e-08,-1.8596838595401014e-09
60.0,300.0,5.0,424.26406871192853,7.815245799974879e-08,5.353443372982793e-09
60.5,300.0,5.0,426.03550321540104,7.718164367135044e-08,-1.8137686262767353e-09
61.0,300.0,5.0,427.8142120126446,7.622295406208319e-08,5.221272353252698e-09
61.5,300.0,5.0,429.6001047485906,7.527629986573328e-08,-1.7689930468447322e-09
62.0,300.0,5.0,431.3930922024598,7.434158901209193e-08,5.0923988473282976e-09
62.5,300.0,5.0,433.1930862790864,7.341872686418657e-08,-1.7253400813083844e-09
63.0,300.0,5.0,435.0,7.250761640807803e-08,4.9667717239533456e-09
63.5,300.0,5.0,436.81374749428386,7.160815843537593e-08,-1.6827917232313345e-09
64.0,300.0,5.0,438.63424398922615,7.072025171862963e-08,4.84433724272613e-09
64.5,300.0,5.0,440.4614058007807,6.984379317975465e-08,-1.6413291397242342e-09
65.0,300.0,5.0,442.2951503238533,6.897867805165879e-08,4.7250394465386274e-09
65.5,300.0,5.0,444.1353960224292,6.812480003323319e-08,-1.60093280078098e-09
66.0,300.0,5.0,445.9820624195552,6.728205143787667e-08,4.608820523494552e-09
66.5,300.0,5.0,447.8350700871918,6.645032333572196e-08,-1.561582598389466e-09
67.0,300.0,5.0,449.694340635948,6.562950568973363e-08,4.495621139746754e-09
67.5,300.0,5.0,451.55979670471106,6.481948748584767e-08,-1.5232579559174203e-09
68.0,300.0,5.0,453.43136195018536,6.402015685732226e-08,4.385380744726575e-09
68.5,300.0,5.0,455.30896103634944,6.323140120346935e-08,-1.4859379282815296e-09
69.0,300.0,5.0,457.1925196238451,6.245310730293473e-08,4.2780378502510294e-09
69.5,300.0,5.0,459.081964359307,6.168516142169406e-08,-1.4496012934098103e-09
70.0,300.0,5.0,460.9772228646444,6.092744941593004e-08,4.173530284991208e-09
70.5,300.0,5.0,462.8782237262842,6.017985682995422e-08,-1.414226635503924e-09
71.0,300.0,5.0,464.7848964843845,5.944226898933519e-08,4.0717954257694605e-09
71.5,300.0,5.0,466.69717162202727,5.8714571089392375e-08,-1.3797924206007208e-09
72.0,300.0,5.0,468.61498055439927,5.799664827921191e-08,3.972770407126016e-09
72.5,300.0,5.0,470.5382556179678,5.7288385741339174e-08,-1.3462770649214707e-09
73.0,300.0,5.0,472.46693005966034,5.6589668767298976e-08,3.87639231055998e-09
73.5,300.0,5.0,474.40093802605406,5.590038282909183e-08,-1.313658996483658e-09
74.0,300.0,5.0,476.34021455258215,5.5220413646812136e-08,3.782598334806632e-09
74.5,300.0,5.0,478.2846955527638,5.454964725253003e-08,-1.2819167104344556e-09
75.0,300.0,5.0,480.23431780746364,5.388797005057629e-08,3.691325948464476e-09
75.5,300.0,5.0,482.18901895418566,5.323526887436635e-08,-1.2510288185476093e-09
76.0,300.0,5.0,484.1487374764082,5.259143103989547e-08,3.60251302623284e-09
76.5,300.0,5.0,486.11341269296406,5.195634439603493e-08,-1.2209740933068208e-09
77.0,300.0,5.0,488.082984747471,5.1329897371754496e-08,3.5160979699651833e-09
77.5,300.0,5.0,490.0573945978165,5.0711979020394424e-08,-1.191731506979269e-09
78.0,300.0,5.0,492.03658400570174,5.010247906110544e-08,3.432019815685723e-09
78.5,300.0,5.0,494.0204955262484,4.9501287917572875e-08,-1.1632802660629626e-09
79.0,300.0,5.0,496.0090724976711,4.890829675413755e-08,3.3502183276584227e-09
79.5,300.0,5.0,498.00225903102086,4.832339750942203e-08,-1.1355998414714178e-09
80.0,300.0,5.0,500.0,4.77464829275686e-08,3.2706340805384494e-09
80.5,300.0,5.0,502.00224103085435,4.71774465871912e-08,-1.1086699947989932e-09
81.0,300.0,5.0,504.0089284923433,4.66161829281407e-08,3.193208530577638e-09
81.5,300.0,5.0,506.020009485791,4.606258727617979e-08,-1.082470800990225e-09
82.0,300.0,5.0,508.0354318352215,4.551655586566037e-08,3.1178840767977357e-09
82.5,300.0,5.0,510.05514407757914,4.49779858602933e-08,-1.0569826677168925e-09
83.0,300.0,5.0,512.0790954530364,4.444677537209769e-08,3.044604112988692e-09
83.5,300.0,5.0,514.1072358953918,4.392282347861315e-08,-1.0321863517474091e-09
84.0,300.0,5.0,516.1395160225576,4.3406030238456664e-08,2.973313071334282e-09
84.5,300.0,5.0,518.1758871271414,4.2896296705301436e-08,-1.0080629725745837e-09
85.0,300.0,5.0,520.2163011671203,4.2393524940353925e-08,2.9039564584142442e-09
85.5,300.0,5.0,522.2607107566105,4.1897618023400794e-08,-9.845940235499187e-10
86.0,300.0,5.0,524.3090691567331,4.140848006249661e-08,2.8364808842810177e-09
86.5,300.0,5.0,526.3613302665765,4.092601620235888e-08,-9.617613807554338e-10
87.0,300.0,5.0,528.4174486142562,4.045013263153592e-08,2.7708340852602107e-09
87.5,300.0,5.0,530.4773793480737,3.998073658840933e-08,-9.395473098276192e-10
88.0,300.0,5.0,532.5410782277739,3.951773636609155e-08,2.7069649410772712e-09
88.5,300.0,5.0,534.6085016159021,3.906104131627576e-08,-9.179344709324804e-10
89.0,300.0,5.0,536.6796064692602,3.861056185209388e-08,2.644823486868431e-09
89.5,300.0,5.0,538.7543503304637,3.816620945003538e-08,-8.969059220758313e-10
90.0,300.0,5.0,540.8326913195984,3.772789665097842e-08,2.584360920592022e-09
90.5,300.0,5.0,542.9145881259777,3.729553706038199e-08,-8.764451209189768e-10
91.0,300.0,5.0,545.0,3.6869045347686116e-08,2.525529606316499e-09
91.5,300.0,5.0,547.0888867451065,3.644833724496525e-08,-8.565359252566834e-10
92.0,300.0,5.0,549.1812087098392,3.60333295448779e-08,2.4682830738241365e-09
92.5,300.0,5.0,551.2769267799987,3.562394009795391e-08,-8.371625923019169e-10
93.0,300.0,5.0,553.3760023709015,3.522008780925896e-08,2.4125760149342392e-09
93.5,300.0,5.0,555.4783974197377,3.4821692634474086e-08,-8.183097769101411e-10
94.0,300.0,5.0,557.584074378026,3.442867557542679e-08,2.3583642769167353e-09
94.5,300.0,5.0,559.692996204169,3.404095867510795e-08,-7.999625288650369e-10
95.0,300.0,5.0,561.8051263561058,3.3658465012208e-08,2.305604853336248e-09
95.5,300.0,5.0,563.9204287840616,3.328111869520405e-08,-7.821062893372952e-10
96.0,300.0,5.0,566.0388679233962,3.2908844856028e-08,2.254255872637918e-09
96.5,300.0,5.0,568.1604086875466,3.254156964334473e-08,-7.647268866186012e-10
97.0,300.0,5.0,570.2850164610675,3.2179220215467755e-08,2.2042765847595412e-09
97.5,300.0,5.0,572.4126570927656,3.182172473293887e-08,-7.478105312240634e-10
98.0,300.0,5.0,574.543296888929,3.1469012350796617e-08,2.1556273460295685e-09
98.5,300.0,5.0,576.6769026066503,3.1121013210557586e-08,-7.313438104481033e-10
99.0,300.0,5.0,578.8134414472421,3.07776584319334e-08,2.1082696025874384e-09
99.5,300.0,5.0,580.9528810497458,3.0438880104304855e-08,-7.153136824511641e-10
100.0,300.0,5.0,583.09518948453,3.010461127797415e-08,2.0621658725412297e-09
100.5,300.0,5.0,585.2403352469821,2.9774785955214415e-08,-6.997074699475387e-10
101.0,300.0,5.0,587.3882872512867,2.9449339081135705e-08,2.017279727057796e-09
101.5,300.0,5.0,589.5390148242948,2.9128206534384805e-08,-6.845128535580429e-10
102.0,300.0,5.0,591.6924876994806,2.8811325117695844e-08,1.9735757705621653e-09
102.5,300.0,5.0,593.8486760109852,2.8498632548307784e-08,-6.69717864885233e-10
103.0,300.0,5.0,596.007550287746,2.819006744826388e-08,1.9310196202060757e-09
103.5,300.0,5.0,598.1690814477124,2.788556933460752e-08,-6.553108793632767e-10
104.0,300.0,5.0,600.3332407921454,2.758507860948806e-08,1.889577884749932e-09
104.5,300.0,5.0,602.5,2.7288536550189766e-08,-6.412806089294594e-10
105.0,300.0,5.0,604.6693311223912,2.6995885299095813e-08,1.8492181429880633e-09
105.5,300.0,5.0,606.8412065771407,2.6707067853599154e-08,-6.276160945595801e-10
106.0,300.0,5.0,609.0155991434045,2.642202805597107e-08,1.8099089218340184e-09
106.5,300.0,5.0,611.1924819563801,2.6140710583197853e-08,-6.143066987051496e-10
107.0,300.0,5.0,613.3718285020922,2.5863060936795283e-08,1.771619674170477e-09
107.5,300.0,5.0,615.5536126122565,2.5589025432610097e-08,-6.013420976663372e-10
108.0,300.0,5.0,617.73780845922,2.5318551190617286e-08,1.7343207565572842e-09
108.5,300.0,5.0,619.9243905509768,2.5051586124721183e-08,-5.887122739309478e-10
109.0,300.0,5.0,622.1133337262593,2.4788078932568212e-08,1.6979834068809226e-09
109.5,300.0,5.0,624.3046131497027,2.4527979085378376e-08,-5.764075085063919e-10
110.0,300.0,5.0,626.4982043070834,2.4271236817802385e-08,1.6625797220194635e-09
110.5,300.0,5.0,628.6940830006275,2.401780311781075e-08,-5.644183732685526e-10
111.0,300.0,5.0,630.8922253443927,2.3767629716620773e-08,1.628082635588523e-09
111.5,300.0,5.0,633.0926077597179,2.352066907866712e-08,-5.527357233486773e-10
112.0,300.0,5.0,635.2952069707436,2.327687439162102e-08,1.5944658958260401e-09
112.5,300.0,5.0,637.5,2.3036199556463128e-08,-5.413506895768835e-10
113.0,300.0,5.0,639.7069641640616,2.2798599177614556e-08,1.5617040436665973e-09
113.5,300.0,5.0,641.9160770692692,2.2564028553130155e-08,-5.302546709985586e-10
114.0,300.0,5.0,644.1273166075166,2.2332443664958206e-08,1.5297723910496373e-09
114.5,300.0,5.0,646.340660952102,2.210380116926988e-08,-5.194393274778422e-10
115.0,300.0,5.0,648.5560885536423,2.1878058386862163e-08,1.4986469995000583e-09
115.5,300.0,5.0,650.7735781360518,2.16551732936369e-08,-5.088965724004672e-10
116.0,300.0,5.0,652.9931086925803,2.143510451115935e-08,1.4683046590144156e-09
116.5,300.0,5.0,655.2146594819136,2.1217811297298414e-08,-4.986185654865128e-10
117.0,300.0,5.0,657.4382100243338,2.1003253536951143e-08,1.4387228672811534e-09
117.5,300.0,5.0,659.6637400979381,2.0791391732853792e-08,-4.885977057220641e-10
118.0,300.0,5.0,661.8912297349165,2.0582186996481182e-08,1.409879809258961e-09
118.5,300.0,5.0,664.1206592178864,2.0375601039036346e-08,-4.788266244173541e-10
119.0,300.0,5.0,666.3520090762839,2.0171596162532074e-08,1.3817543371334472e-09
119.5,300.0,5.0,668.585260082811,1.9970135250965648e-08,-4.692981783976927e-10
120.0,300.0,5.0,670.820393249937,1.9771181761588248e-08,1.3543259506687951e-09
120.5,300.0,5.0,673.0573898264546,1.9574699716270027e-08,-4.6000544333234564e-10
121.0,300.0,5.0,675.2962312940892,1.938065369296188e-08,1.327574777967889e-09
121.5,300.0,5.0,677.53689936416,1.918900881725479e-08,-4.5094170720548757e-10
122.0,300.0,5.0,679.7793759742935,1.8999730754037363e-08,1.3014815566515595e-09
122.5,300.0,5.0,682.023643285187,1.8812785699252362e-08,-4.421004639324305e-10
123.0,300.0,5.0,684.2696836774226,1.8628140371752442e-08,1.2760276154650424e-09
123.5,300.0,5.0,686.517479748331,1.8445762005255663e-08,-4.3347540712350807e-10
124.0,300.0,5.0,688.7670143089026,1.8265618340401005e-08,1.2511948563174689e-09
124.5,300.0,5.0,691.0182703807476,1.8087677616904e-08,-4.25060423997244e-10
125.0,300.0,5.0,693.2712311931024,1.7911908565812585e-08,1.2269657367581621e-09
125.5,300.0,5.0,695.5258801798823,1.7738280401863257e-08,-4.1684958944378654e-10
126.0,300.0,5.0,697.7822009767805,1.7566762815937284e-08,1.203323252891704e-09
126.5,300.0,5.0,700.0401774184107,1.7397325967616992e-08,-4.0883716023899933e-10
127.0,300.0,5.0,702.2997935354957,1.7229940477841686e-08,1.1802509227321555e-09
127.5,300.0,5.0,704.5610335520976,1.7064577421663124e-08,-4.0101756940908343e-10
128.0,300.0,5.0,706.8238818828917,1.6901208321100063e-08,1.1577327699953544e-09
128.5,300.0,5.0,709.0883231304828,1.6739805138091405e-08,-3.93385420745148e-10
129.0,300.0,5.0,711.3543420827626,1.658034026754761e-08,1.1357533083270115e-09
129.5,300.0,5.0,713.6219237103076,1.6422786530499784e-08,-3.8593548346674496e-10
130.0,300.0,5.0,715.8910531638177,1.6267117167345782e-08,1.114297525963186e-09
130.5,300.0,5.0,718.1617157715941,1.611330583119292e-08,-3.7866268703303363e-10
131.0,300.0,5.0,720.4338970370565,1.5961326581296392e-08,1.093350870818803e-09
131.5,300.0,5.0,722.7075826362969,1.5811153876592932e-08,-3.7156211609993393e-10
132.0,300.0,5.0,724.9827584156743,1.5662762569328785e-08,1.0728992359990219e-09
132.5,300.0,5.0,727.2594103894428,1.55161278987814e-08,-3.6462900562136285e-10
133.0,300.0,5.0,729.5375247374188,1.537122548507392e-08,1.0529289457275636e-09
133.5,300.0,5.0,731.8170878026831,1.5228031323081774e-08,-3.578587360924217e-10
134.0,300.0,5.0,734.0980860893181,1.5086521776430393e-08,1.033426741685482e-09
134.5,300.0,5.0,736.3805062601807,1.4946673571583315e-08,-3.512468289322079e-10
135.0,300.0,5.0,738.6643351347078,1.4808463792019732e-08,1.0143797697533517e-09
135.5,300.0,5.0,740.9495596867577,1.4671869872500542e-08,-3.447889420037627e-10
136.0,300.0,5.0,743.2361670424818,1.4536869593422089e-08,9.957755671494131e-10
136.5,300.0,5.0,745.5241444782322,1.4403441075256526e-08,-3.384808652685284e-10
137.0,300.0,5.0,747.8134794184978,1.4271562773078009e-08,9.776020499558437e-10
137.5,300.0,5.0,750.1041594338749,1.4141213471173574e-08,-3.3231851657257896e-10
138.0,300.0,5.0,752.3961722390671,1.4012372277737926e-08,9.59847501025048e-10
138.5,300.0,5.0,754.6895056909166,1.3885018619650997e-08,-3.262979375617984e-10
139.0,300.0,5.0,756.9841477864645,1.3759132237337411e-08,9.425005582576127e-10
139.5,300.0,5.0,759.2800866610423,1.3634693179706779e-08,-3.2041528972310933e-10
140.0,300.0,5.0,761.5773105863908,1.3511681799173873e-08,9.255502032434104e-10
140.5,300.0,5.0,763.8758079688085,1.3390078746757668e-08,-3.1466685054880517e-10
141.0,300.0,5.0,766.1755673473281,1.3269864967258278e-08,9.089857502571921e-10
141.5,300.0,5.0,768.4765773919203,1.3151021694510702e-08,-3.090490098210015e-10
142.0,300.0,5.0,770.7788269017254,1.3033530446714476e-08,8.927968355999417e-10
142.5,300.0,5.0,773.0823048033113,1.291737302183817e-08,-3.03558266013197e-10
143.0,300.0,5.0,775.3870001489579,1.2802531493097724e-08,8.769734072771942e-10
143.5,300.0,5.0,777.6929021149672,1.2688988204507668e-08,-2.981912228059302e-10
144.0,300.0,5.0,780.0,1.2576725766504146e-08,8.61505715005534e-10
144.5,300.0,5.0,782.3082832234362,1.2465727051638857e-08,-2.9294458571351315e-10
145.0,300.0,5.0,784.6177413237608,1.2355975190342819e-08,8.463843005384832e-10
145.5,300.0,5.0,786.9283639569742,1.2247453566759022e-08,-2.87815158818837e-10
146.0,300.0,5.0,789.2401408950257,1.214014581464299e-08,8.315999883030448e-10
146.5,300.0,5.0,791.5530620242714,1.2034035813330254e-08,-2.8279984161326095e-10
147.0,300.0,5.0,793.8671173439545,1.1929107683769783e-08,8.171438763382302e-10
147.5,300.0,5.0,796.1822969647089,1.182534578462238e-08,-2.778956259386259e-10
148.0,300.0,5.0,798.4985911070852,1.1722734708423116e-08,8.030073275269835e-10
148.5,300.0,5.0,800.8159901000978,1.1621259277806868e-08,-2.730995930284614e-10
149.0,300.0,5.0,803.1344843797955,1.152090454179593e-08,7.891819611130213e-10
149.5,300.0,5.0,805.4540644878515,1.1421655772148886e-08,-2.6840891064549883e-10
150.0,300.0,5.0,807.7747210701756,1.1323498459769714e-08,7.756596444942254e-10
150.5,300.0,5.0,810.0964448755469,1.122641831117624e-08,-2.6382083031264165e-10
151.0,300.0,5.0,812.4192267542663,1.1130401245027079e-08,7.624324852843549e-10
151.5,300.0,5.0,814.7430576568296,1.1035433388706061e-08,-2.5933268463459244e-10
152.0,300.0,5.0,817.0679286326199,1.094150107496334e-08,7.494928236349889e-10
152.5,300.0,5.0,819.3938308286193,1.0848590838612267e-08,-2.549418847073883e-10
153.0,300.0,5.0,821.7207554881403,1.0756689413281146e-08,7.368332248097585e-10
153.5,300.0,5.0,824.0486939495748,1.0665783728219022e-08,-2.50645917613147e-10
154.0,300.0,5.0,826.3776376451628,1.0575860905154654e-08,7.244464720030939e-10
154.5,300.0,5.0,828.7075780997782,1.0486908255207808e-08,-2.464423439973835e-10
155.0,300.0,5.0,831.0385069297331,1.0398913275852037e-08,7.123255593958645e-10
155.5,300.0,5.0,833.3704158415992,1.0311863647928173e-08,-2.423287957263121e-10
156.0,300.0,5.0,835.7032966310471,1.0225747232707627e-08,7.004636854404725e-10
156.5,300.0,5.0,838.037141181702,1.0140552069004766e-08,-2.38302973621612e-10
157.0,300.0,5.0,840.3719414640162,1.005626637033757e-08,6.888542463681236e-10
157.5,300.0,5.0,842.7076895341587,9.972878522135703e-09,-2.3436264527018904e-10
158.0,300.0,5.0,845.0443775329198,9.89037707899537e-09,6.774908299111829e-10
158.5,300.0,5.0,847.3819976846333,9.808750761980027e-09,-2.3050564290653062e-10
159.0,300.0,5.0,849.7205422961127,9.727988455966341e-09,6.663672092336944e-10
159.5,300.0,5.0,852.060003755604,9.64807920703455e-09,-2.267298613653119e-10
160.0,300.0,5.0,854.4003745317531,9.569012219902556e-09,6.554773370633251e-10
160.5,300.0,5.0,856.7416471725884,9.49077685540299e-09,-2.2303325610197025e-10
161.0,300.0,5.0,859.0838143045182,9.413362628002556e-09,6.448153400181752e-10
161.5,300.0,5.0,861.4268686313424,9.336759203362948e-09,-2.1941384127902928e-10
162.0,300.0,5.0,863.7708029332781,9.260956395942633e-09,6.343755131220704e-10
162.5,300.0,5.0,866.1156100660004,9.18594416663884e-09,-2.1586968791601276e-10
163.0,300.0,5.0,868.4612829596954,9.11171262046908e-09,6.241523145021321e-10
163.5,300.0,5.0,870.807814618128,9.038252004291511e-09,-2.123989221008505e-10
164.0,300.0,5.0,873.155198117723,8.965552704563501e-09,6.141403602625999e-10
164.5,300.0,5.0,875.5034266066581,8.893605245137808e-09,-2.089997232607385e-10
165.0,300.0,5.0,877.8524933039719,8.82240028509561e-09,6.043344195290493e-10
165.5,300.0,5.0,880.2023914986826,8.75192861661593e-09,-2.0567032249047433e-10
166.0,300.0,5.0,882.5531145489205,8.682181162880693e-09,5.947294096573275e-10
166.5,300.0,5.0,884.9046558810729,8.613148976014876e-09,-2.0240900093634958e-10
167.0,300.0,5.0,887.25700898894,8.544823235061213e-09,5.853203916016932e-10
167.5,300.0,5.0,889.6101674329043,8.47719524398871e-09,-1.992140882337347e-10
168.0,300.0,5.0,891.9641248391104,8.410256429734583e-09,5.76102565436819e-10
168.5,300.0,5.0,894.3188748986572,8.343998340278901e-09,-1.960839609965542e-10
169.0,300.0,5.0,896.6744113668016,8.278412642751462e-09,5.670712660284753e-10
169.5,300.0,5.0,899.0307280621726,8.213491121570303e-09,-1.930170413569021e-10
170.0,300.0,5.0,901.3878188659974,8.149225676611339e-09,5.582219588478768e-10
170.5,300.0,5.0,903.7456777213378,8.085608321408585e-09,-1.9001179555310174e-10
171.0,300.0,5.0,906.1042986323373,8.022631181384423e-09,5.49550235924833e-10
171.5,300.0,5.0,908.4636756634796,7.96028649210941e-09,-1.8706673256457114e-10
172.0,300.0,5.0,910.823802938856,7.898566597591152e-09,5.410518119349939e-10
172.5,300.0,5.0,913.1846746414441,7.837463948591665e-09,-1.8418040279190412e-10
173.0,300.0,5.0,915.5462850123963,7.776971100972832e-09,5.32722520416639e-10
173.5,300.0,5.0,917.9086283503386,7.717080714069384e-09,-1.8135139678063054e-10
174.0,300.0,5.0,920.271699010678,7.657785549089008e-09,5.245583101125971e-10
174.5,300.0,5.0,922.635491404921,7.59907846753904e-09,-1.7857834398716745e-10
175.0,300.0,5.0,925.0,7.540952429679364e-09,5.165552414330365e-10
175.5,300.0,5.0,927.3652193176106,7.483400493000988e-09,-1.7585991158552322e-10
176.0,300.0,5.0,929.7311439335567,7.426415810729921e-09,5.087094830349997e-10
176.5,300.0,5.0,932.0977684771057,7.369991630355864e-09,-1.731948033133628e-10
177.0,300.0,5.0,934.4650876303513,7.314121292185321e-09,5.010173085146945e-10
177.5,300.0,5.0,936.8330961275866,7.258798227918691e-09,-1.7058175835608922e-10
178.0,300.0,5.0,939.201788754685,7.204015959250918e-09,4.93475093208688e-10
178.5,300.0,5.0,941.571160348489,7.149768096495339e-09,-1.6801955026764048e-10
179.0,300.0,5.0,943.9412057962085,7.096048337230258e-09,4.860793111002727e-10
179.5,300.0,5.0,946.3119200348266,7.0428504649679135e-09,-1.6550698592674596e-10
180.0,300.0,5.0,948.6832980505138,6.990168347845421e-09,4.788265318274114e-10
180.5,300.0,5.0,951.0553348780501,6.93799593733733e-09,-1.6304290452742725e-10
181.0,300.0,5.0,953.4280256002547,6.886327266989392e-09,4.717134177887734e-10
181.5,300.0,5.0,955.801365347424,6.835156451173214e-09,-1.6062617660257053e-10
182.0,300.0,5.0,958.1753492967766,6.784477683861408e-09,4.647367213445065e-10
182.5,300.0,5.0,960.5499726719063,6.734285237422871e-09,-1.5825570307943748e-10
183.0,300.0,5.0,962.925230742242,6.6845734614379e-09,4.578932821084962e-10
183.5,300.0,5.0,965.3011188225154,6.635336781532736e-09,-1.559304143660193e-10
184.0,300.0,5.0,967.6776322722355,6.586569698233241e-09,4.5118002432897707e-10
184.5,300.0,5.0,970.0547664951706,6.538266785837367e-09,-1.5364926946717813e-10
185.0,300.0,5.0,972.4325169388362,6.490422691306089e-09,4.445939543544671e-10
185.5,300.0,5.0,974.8108790939913,6.4430321331724875e-09,-1.5141125512955345e-10
186.0,300.0,5.0,977.1898484941398,6.396089900468672e-09,4.3813215818210405e-10
186.5,300.0,5.0,979.5694207150405,6.349590851670207e-09,-1.4921538501424986e-10
187.0,300.0,5.0,981.9495913742212,6.303529913657791e-09,4.3179179908555873e-10
187.5,300.0,5.0,984.3303561305015,6.2579020806958535e-09,-1.4706069889635257e-10
188.0,300.0,5.0,986.7117106835208,6.212702413427765e-09,4.2557011531980194e-10
188.5,300.0,5.0,989.0936507732723,6.167926037887433e-09,-1.4494626189035468e-10
189.0,300.0,5.0,991.4761721796444,6.123568144526922e-09,4.194644179000942e-10
189.5,300.0,5.0,993.8592707219669,6.079623987259898e-09,-1.428711637006076e-10
190.0,300.0,5.0,996.2429422585637,6.036088882520571e-09,4.134720884526591e-10
190.5,300.0,5.0,998.6271826863116,5.9929582083378815e-09,-1.4083451789594022e-10
191.0,300.0,5.0,1001.0119879402044,5.950227403424694e-09,4.075905771345916e-10
191.5,300.0,5.0,1003.3973539929234,5.907891966281703e-09,-1.3883546120762003e-10
192.0,300.0,5.0,1005.7832768544126,5.8659474543158215e-09,4.018174006206338e-10
192.5,300.0,5.0,1008.1697525714605,5.824389482972795e-09,-1.3687315284986066e-10
193.0,300.0,5.0,1010.5567772272867,5.783213724883789e-09,3.9615014015453954e-10
193.5,300.0,5.0,1012.9443469411337,5.7424159090257445e-09,-1.34946773862105e-10
194.0,300.0,5.0,1015.3324578678651,5.701991819895208e-09,3.9058643966282175e-10
194.5,300.0,5.0,1017.7211061975672,5.661937296695458e-09,-1.3305552647234326e-10
195.0,300.0,5.0,1020.1102881551583,5.6222482325366625e-09,3.851240039287614e-10
195.5,300.0,5.0,1022.5,5.582920573648887e-09,-1.3119863348074884e-10
196.0,300.0,5.0,1024.8902380255165,5.543950318607664e-09,3.7976059682462504e-10
196.5,300.0,5.0,1027.280998558817,5.505333517571992e-09,-1.2937533766294182e-10
197.0,300.0,5.0,1029.6722779603226,5.467066271534489e-09,3.7449403960011253e-10
197.5,300.0,5.0,1032.0640726234005,5.429144731583512e-09,-1.2758490119221252e-10
198.0,300.0,5.0,1034.456378974,5.391565098177051e-09,3.69322209225128e-10
198.5,300.0,5.0,1036.8491934702945,5.354323620428187e-09,-1.258266050800624e-10
199.0,300.0,5.0,1039.2425126023281,5.317416595401904e-09,3.642430367850305e-10
199.5,300.0,5.0,1041.636332891667,5.2808403674230755e-09,-1.2409974863444228e-10
200.0,300.0,5.0,1044.030650891055,5.244591327395431e-09,3.5925450592658703e-10
200.5,300.0,5.0,1046.4254631840722,5.208665912131344e-09,-1.2240364893508658e-10
201.0,300.0,5.0,1048.8207663848004,5.173060603692186e-09,3.5435465135291475e-10
201.5,300.0,5.0,1051.216557137491,5.137771928739142e-09,-1.2073764032536984e-10
202.0,300.0,5.0,1053.612832116238,5.102796457894269e-09,3.4954155736575745e-10
202.5,300.0,5.0,1056.0095880246542,5.068130805111641e-09,-1.1910107392012356e-10
203.0,300.0,5.0,1058.4068215955526,5.0337716270583945e-09,3.4481335645350003e-10
203.5,300.0,5.0,1060.804529590631,4.999715622505513e-09,-1.1749331712887954e-10
204.0,300.0,5.0,1063.202708800161,4.965959531728202e-09,3.401682279233819e-10
204.5,300.0,5.0,1065.6013560426807,4.9325001359156575e-09,-1.1591375319401794e-10
205.0,300.0,5.0,1068.0004681646915,4.899334256590107e-09,3.3560439657642235e-10
205.5,300.0,5.0,1070.400042040358,4.86645875503494e-09,-1.143617807433211e-10
206.0,300.0,5.0,1072.800074571213,4.833870531731779e-09,3.311201314236269e-10
206.5,300.0,5.0,1075.2005626858647,4.801566525806355e-09,-1.1283681335644934e-10
207.0,300.0,5.0,1077.6015033397086,4.769543714483026e-09,3.267137444420873e-10
207.5,300.0,5.0,1080.0028935146424,4.7377991125477885e-09,-1.1133827914487303e-10
208.0,300.0,5.0,1082.4047302187846,4.706329771819658e-09,3.223835893696466e-10
208.5,300.0,5.0,1084.807010486197,4.675132780630253e-09,-1.0986562034481095e-10
209.0,300.0,5.0,1087.2097313766099,4.644205263311471e-09,3.181280605368358e-10
209.5,300.0,5.0,1089.6128899751507,4.613544379691113e-09,-1.0841829292274116e-10
210.0,300.0,5.0,1092.0164833920778,4.583147324596279e-09,3.139455917348451e-10
210.5,300.0,5.0,1094.420508762514,4.553011327364512e-09,-1.0699576619306603e-10
211.0,300.0,5.0,1096.8249632461873,4.523133651362418e-09,3.0983465511832566e-10
211.5,300.0,5.0,1099.2298440271716,4.4935115935117824e-09,-1.0559752244752688e-10
212.0,300.0,5.0,1101.635148313633,4.4641424838229225e-09,3.057937601418702e-10
212.5,300.0,5.0,1104.040873337577,4.4350236849352765e-09,-1.04223056595979e-10
213.0,300.0,5.0,1106.4470163546016,4.406152591665005e-09,3.0182145252905286e-10
213.5,300.0,5.0,1108.8535746436496,4.37752663055958e-09,-1.0287187581815012e-10
214.0,300.0,5.0,1111.2605455067683,4.3491432594591535e-09,2.9791631327295205e-10
214.5,300.0,5.0,1113.6679262688676,4.320999967064692e-09,-1.0154349922602025e-10
215.0,300.0,5.0,1116.0757142774858,4.293094272512663e-09,2.9407695766711744e-10
215.5,300.0,5.0,1118.4839069025536,4.26542372495625e-09,-1.0023745753647187e-10
216.0,300.0,5.0,1120.8925015361642,4.2379859031529454e-09,2.903020343659768e-10
216.5,300.0,5.0,1123.3014955923454,4.210778415058403e-09,-9.895329275387247e-11
217.0,300.0,5.0,1125.710886506833,4.183798897426501e-09,2.8659022447371534e-10
217.5,300.0,5.0,1128.1206717368493,4.157045015415453e-09,-9.769055786226314e-11
218.0,300.0,5.0,1130.5308487608818,4.130514462199903e-09,2.829402406606934e-10
218.5,300.0,5.0,1132.9414150784673,4.104204958588887e-09,-9.644881652683883e-11
219.0,300.0,5.0,1135.3523682099756,4.078114252649601e-09,2.793508263064977e-10
219.5,300.0,5.0,1137.7637056963981,4.052240119336814e-09,-9.522764280441514e-11
220.0,300.0,5.0,1140.175425099138,4.026580360127904e-09,2.7582075466876146e-10
220.5,300.0,5.0,1142.587523999803,4.001132802663371e-09,-9.402662086258921e-11
221.0,300.0,5.0,1145.0,3.975895300392781e-09,2.7234882807690553e-10
221.5,300.0,5.0,1147.4128507211342,3.950865732226006e-09,-9.284534470731114e-11
222.0,300.0,5.0,1149.826073804208,3.9260420021897175e-09,2.6893387714999566e-10
222.5,300.0,5.0,1152.2396669096233,3.9014220390890206e-09,-9.168341791859198e-11
223.0,300.0,5.0,1154.6536277169878,3.8770037961741475e-09,2.6557476003792913e-10
223.5,300.0,5.0,1157.0679539249197,3.8527852508121475e-09,-9.054045339408547e-11
224.0,300.0,5.0,1159.4826432508596,3.828764404163454e-09,2.622703616851966e-10
224.5,300.0,5.0,1161.8976934308803,3.8049392808632994e-09,-8.941607310028753e-11
225.0,300.0,5.0,1164.3131022195018,3.781307928707847e-09,2.5901959311648757e-10
225.5,300.0,5.0,1166.7288673895061,3.7578684183450155e-09,-8.830990783110787e-11
226.0,300.0,5.0,1169.144986731757,3.734618842969863e-09,2.5582139074343565e-10
226.5,300.0,5.0,1171.5614580550182,3.7115573180245194e-09,-8.72215969735762e-11
227.0,300.0,5.0,1173.9782791857779,3.688681980902535e-09,2.5267471569182365e-10
227.5,300.0,5.0,1176.3954479680717,3.6659909906576137e-09,-8.615078828045392e-11
228.0,300.0,5.0,1178.81296226331,3.6434825277166447e-09,2.495785531485902e-10
228.5,300.0,5.0,1181.230819950106,3.6211547935969656e-09,-8.509713764952869e-11
229.0,300.0,5.0,1183.6490189241065,3.599006010627784e-09,2.465319117280032e-10
229.5,300.0,5.0,1186.067557097824,3.577034421675708e-09,-8.406030890937914e-11
230.0,300.0,5.0,1188.4864324004714,3.5552382898742895e-09,2.4353382285638886e-10
230.5,300.0,5.0,1190.905642777798,3.533615898357554e-09,-8.303997361140252e-11
231.0,300.0,5.0,1193.3251861919282,3.5121655499974115e-09,2.405833401748227e-10
231.5,300.0,5.0,1195.7450606212012,3.490885567144924e-09,-8.203581082790572e-11
232.0,300.0,5.0,1198.1652640600128,3.469774291375346e-09,2.3767953895921123e-10
232.5,300.0,5.0,1200.5857945186592,3.4488300832368817e-09,-8.104750695606671e-11
233.0,300.0,5.0,1203.0066500231826,3.4280513220031056e-09,2.3482151555721274e-10
233.5,300.0,5.0,1205.4278286152182,3.407436405428981e-09,-8.007475552758105e-11
234.0,300.0,5.0,1207.8493283518437,3.386983749510417e-09,2.3200838684146356e-10
234.5,300.0,5.0,1210.2711473054292,3.366691788247331e-09,-7.911725702381227e-11
235.0,300.0,5.0,1212.6932835634902,3.346558973410118e-09,2.292392896785931e-10
235.5,300.0,5.0,1215.115735228542,3.3265837743095208e-09,-7.817471869627373e-11
236.0,300.0,5.0,1217.5385004179539,3.3067646775698125e-09,2.2651338041353216e-10
236.5,300.0,5.0,1219.9615772638087,3.2871001869052433e-09,-7.724685439227321e-11
237.0,300.0,5.0,1222.3849639127602,3.2675888228997317e-09,2.2382983436863163e-10
237.5,300.0,5.0,1224.808658525894,3.2482291227896983e-09,-7.633338438555792e-11
238.0,300.0,5.0,1227.23265927859,3.2290196402500395e-09,2.211878453571277e-10
238.5,300.0,5.0,1229.6569643603862,3.209958945183151e-09,-7.543403521180406e-11
239.0,300.0,5.0,1232.081571974843,3.1910456235109995e-09,2.1858662521050348e-10
239.5,300.0,5.0,1234.5064803394107,3.1722782769701478e-09,-7.454853950879848e-11
240.0,300.0,5.0,1236.9316876852981,3.15365552290971e-09,2.1602540331931515e-10
240.5,300.0,5.0,1239.357192257341,3.1351759940922036e-09,-7.367663586116679e-11
241.0,300.0,5.0,1241.7829923138745,3.1168383384972223e-09,2.1350342618705975e-10
241.5,300.0,5.0,1244.2090861266045,3.0986412191279147e-09,-7.2818068649506e-11
242.0,300.0,5.0,1246.6354719804824,3.0805833138202003e-09,2.1101995699668374e-10
242.5,300.0,5.0,1249.0621481735807,3.062663315054697e-09,-7.197258790378538e-11
243.0,300.0,5.0,1251.489113016969,3.0448799297713224e-09,2.085742751893356e-10
243.5,300.0,5.0,1253.916364834593,3.027231879186498e-09,-7.11399491608827e-11
244.0,300.0,5.0,1256.3439019631528,3.009717898612959e-09,2.0616567605498772e-10
244.5,300.0,5.0,1258.771722751985,2.9923367372820855e-09,-7.031991332612901e-11
245.0,300.0,5.0,1261.199825562944,2.97508715816875e-09,2.037934703345594e-10
245.5,300.0,5.0,1263.6282087702855,2.9579679378186253e-09,-6.95122465387377e-11
246.0,300.0,5.0,1266.0568707605516,2.9409778661779153e-09,2.0145698383318723e-10
246.5,300.0,5.0,1268.4858099324565,2.924115746425481e-09,-6.871672004099881e-11
247.0,300.0,5.0,1270.9150246967733,2.907380394807314e-09,1.99155557044301e-10
247.5,300.0,5.0,1273.3445134762235,2.8907706404733213e-09,-6.793311005112305e-11
248.0,300.0,5.0,1275.7742747053649,2.87428532531641e-09,1.968885447841741e-10
248.5,300.0,5.0,1278.2043068304847,2.8579233038137826e-09,-6.716119763962389e-11
249.0,300.0,5.0,1280.6346083094897,2.8416834428704827e-09,1.9465531583662807e-10
249.5,300.0,5.0,1283.0651776118,2.825564621665091e-09,-6.640076860912964e-11
250.0,300.0,5.0,1285.4960132182441,2.809565731497566e-09,1.924552526075833e-10
250.5,300.0,5.0,1287.9271136209534,2.793685675639214e-09,-6.565161337752153e-11
251.0,300.0,5.0,1290.3584773232592,2.7779233691847215e-09,1.9028775078915344e-10
251.5,300.0,5.0,1292.7901028395909,2.762277738906235e-09,-6.491352686429652e-11
252.0,300.0,5.0,1295.2219886953742,2.746747723109468e-09,1.8815221903299857e-10
252.5,300.0,5.0,1297.6541334269314,2.7313322714917817e-09,-6.418630838005687e-11
253.0,300.0,5.0,1300.086535581382,2.716030345002232e-09,1.8604807863265292e-10
253.5,300.0,5.0,1302.5191937165455,2.7008409157035266e-09,-6.346976151903288e-11
254.0,300.0,5.0,1304.952106400844,2.6857629666358985e-09,1.8397476321455905e-10
254.5,300.0,5.0,1307.3852722132065,2.6707954916828285e-09,-6.276369405454647e-11
255.0,300.0,5.0,1309.8186897429734,2.6559374954386236e-09,1.8193171843754572e-10
255.5,300.0,5.0,1312.2523575898044,2.641187993077791e-09,-6.20679178373281e-11
256.0,300.0,5.0,1314.6862743635836,2.6265460102262116e-09,1.799184017004955e-10
256.5,300.0,5.0,1317.1204386843292,2.6120105828340635e-09,-6.138224869660049e-11
257.0,300.0,5.0,1319.554849182102,2.597580757050475e-09,1.7793428185795756e-10
257.5,300.0,5.0,1321.9895044969155,2.5832555890998935e-09,-6.070650634384749e-11
258.0,300.0,5.0,1324.4244032786469,2.5690341451601198e-09,1.759788389434682e-10
258.5,300.0,5.0,1326.8595441869497,2.5549155012420062e-09,-6.004051427918715e-11
259.0,300.0,5.0,1329.2949258911658,2.5408987430707897e-09,1.7405156390034912e-10
259.5,300.0,5.0,1331.7305470702397,2.526982965969014e-09,-5.938409970027184e-11
260.0,300.0,5.0,1334.1664064126335,2.51316727474105e-09,1.7215195831976194e-10
260.5,300.0,5.0,1336.6025026162415,2.4994507835591694e-09,-5.873709341364048e-11
261.0,300.0,5.0,1339.0388343883085,2.485832615851145e-09,1.7027953418580344e-10
261.5,300.0,5.0,1341.4754004453455,2.4723119041893765e-09,-5.809932974845035e-11
262.0,300.0,5.0,1343.9121995130486,2.4588877901815e-09,1.6843381362743276e-10
262.5,300.0,5.0,1346.349230326218,2.445559424362462e-09,-5.747064647251785e-11
263.0,300.0,5.0,1348.7864916286787,2.4323259660880433e-09,1.66614328677031e-10
263.5,300.0,5.0,1351.2239821731998,2.4191865834298116e-09,-5.685088471060057e-11
264.0,300.0,5.0,1353.6617007214172,2.4061404530714683e-09,1.648206210353956e-10
264.5,300.0,5.0,1356.099646043756,2.393186760206586e-09,-5.623988886485477e-11
265.0,300.0,5.0,1358.5378169193525,2.380324698437706e-09,1.6305224184298288e-10
265.5,300.0,5.0,1360.97621213598,2.3675534696767818e-09,-5.563750653740437e-11
266.0,300.0,5.0,1363.4148304899722,2.3548722840469336e-09,1.6130875145721495e-10
266.5,300.0,5.0,1365.8536707861497,2.342280359785525e-09,-5.504358845495984e-11
267.0,300.0,5.0,1368.2927318377454,2.329776923148511e-09,1.59589719235673e-10
267.5,300.0,5.0,1370.7320124663318,2.3173612083160557e-09,-5.445798839542731e-11
268.0,300.0,5.0,1373.1715115017498,2.305032457299393e-09,1.5789472332500844e-10
268.5,300.0,5.0,1375.6112277820357,2.2927899198489295e-09,-5.388056311644984e-11
269.0,300.0,5.0,1378.0511601533522,2.2806328533635384e-09,1.5622335045540239e-10
269.5,300.0,5.0,1380.4913074699166,2.2685605228010657e-09,-5.331117228582504e-11
270.0,300.0,5.0,1382.9316685939332,2.2565722005900015e-09,1.5457519574041513e-10
270.5,300.0,5.0,1385.372242395523,2.2446671665423167e-09,-5.274967841374444e-11
271.0,300.0,5.0,1387.813027752658,2.2328447077674346e-09,1.529498624820693e-10
271.5,300.0,5.0,1390.254023551092,2.221104118587337e-09,-5.219594678680242e-11
272.0,300.0,5.0,1392.6952286842948,2.2094447004527755e-09,1.5134696198101514e-10
272.5,300.0,5.0,1395.1366420533868,2.197865761860575e-09,-5.1649845403723513e-11
273.0,300.0,5.0,1397.5782625670736,2.1863666182720172e-09,1.497661133516332e-10
273.5,300.0,5.0,1400.020089141581,2.1749465920322874e-09,-5.1111244912758753e-11
274.0,300.0,5.0,1402.4621207005914,2.1636050122909657e-09,1.4820694334193116e-10
274.5,300.0,5.0,1404.904356175181,2.1523412149235517e-09,-5.0580018550703466e-11
275.0,300.0,5.0,1407.3467945037569,2.1411545424540072e-09,1.466690861580995e-10
275.5,300.0,5.0,1409.789434631995,2.1300443439782967e-09,-5.005604208348997e-11
276.0,300.0,5.0,1412.2322755127784,2.1190099750889253e-09,1.451521832935914e-10
276.5,300.0,5.0,1414.6753161061374,2.1080507978004434e-09,-4.953919374831042e-11
277.0,300.0,5.0,1417.118555379189,2.0971661804759122e-09,1.436558833626e-10
277.5,300.0,5.0,1419.5619923060774,2.0863554977543168e-09,-4.9029354197226444e-11
278.0,300.0,5.0,1422.0056258679147,2.0756181304789178e-09,1.4217984193780589e-10
278.5,300.0,5.0,1424.4494550527231,2.0649534656265124e-09,-4.852640644222304e-11
279.0,300.0,5.0,1426.893478855377,2.0543608962376122e-09,1.4072372139227645e-10
279.5,300.0,5.0,1429.337696277545,2.0438398213475098e-09,-4.803023580166648e-11
280.0,300.0,5.0,1431.7821063276353,2.0333896459182227e-09,1.3928719074539826e-10
280.5,300.0,5.0,1434.2267080207369,2.0230097807713197e-09,-4.7540729848126014e-11
281.0,300.0,5.0,1436.671500378566,2.0126996425215893e-09,1.3786992551272887e-10
281.5,300.0,5.0,1439.1164824294106,2.0024586535115576e-09,-4.70577783575216e-11
282.0,300.0,5.0,1441.5616532080755,1.992286241746846e-09,1.3647160755965895e-10
282.5,300.0,5.0,1444.0070117558294,1.9821818408323366e-09,-4.658127325955991e-11
283.0,300.0,5.0,1446.4525571203503,1.9721448899091584e-09,1.3509192495877737e-10
283.5,300.0,5.0,1448.8982883556735,1.9621748335924676e-09,-4.6111108589422987e-11
284.0,300.0,5.0,1451.3442045221389,1.952271121910011e-09,1.3373057185083574e-10
284.5,300.0,5.0,1453.7903046863396,1.942433210241468e-09,-4.56471804406745e-11
285.0,300.0,5.0,1456.23658792107,1.932660559258566e-09,1.3238724830921178e-10
285.5,300.0,5.0,1458.683053305275,1.922952634865932e-09,-4.51893869193494e-11
286.0,300.0,5.0,1461.1296999240005,1.9133089081427047e-09,1.3106166020777527e-10
286.5,300.0,5.0,1463.5765268683424,1.903728855284873e-09,-4.4737628099194516e-11
287.0,300.0,5.0,1466.023533235398,1.8942119575483374e-09,1.2975351909206113e-10
287.5,300.0,5.0,1468.4707181282165,1.8847577011926858e-09,-4.429180597802812e-11
288.0,300.0,5.0,1470.9180806557515,1.875365577425673e-09,1.284625420536586e-10
288.5,300.0,5.0,1473.3656199328123,1.8660350823483934e-09,-4.3851824435187244e-11
289.0,300.0,5.0,1475.813335080016,1.8567657169011388e-09,1.27188451607728e-10
289.5,300.0,5.0,1478.2612252237425,1.8475569868099257e-09,-4.341758919003325e-11
290.0,300.0,5.0,1480.7092894960847,1.8384084025336984e-09,1.2593097557355835e-10
290.5,300.0,5.0,1483.1575270348055,1.8293194792121758e-09,-4.298900776148613e-11
291.0,300.0,5.0,1485.6059369832903,1.8202897366143533e-09,1.246898469580832e-10
291.5,300.0,5.0,1488.054518490502,1.8113186990876433e-09,-4.256598942855962e-11
292.0,300.0,5.0,1490.5032707109367,1.8024058955076364e-09,1.234648038422731e-10
292.5,300.0,5.0,1492.9521928045788,1.793550859228496e-09,-4.214844519186966e-11
293.0,300.0,5.0,1495.4012839368568,1.7847531280339564e-09,1.2225558927032602e-10
293.5,300.0,5.0,1497.850543278601,1.776012244088924e-09,-4.173628773608971e-11
294.0,300.0,5.0,1500.2999700059986,1.7673277538916826e-09,1.2106195114158027e-10
294.5,300.0,5.0,1502.7495633005522,1.7586992082266786e-09,-4.132943139332695e-11
295.0,300.0,5.0,1505.199322349037,1.7501261621178873e-09,1.1988364210507528e-10
295.5,300.0,5.0,1507.649246343459,1.741608174782752e-09,-4.092779210739467e-11
296.0,300.0,5.0,1510.0993344810136,1.7331448095866895e-09,1.1872041945668825e-10
296.5,300.0,5.0,1512.5495859640437,1.724735633998146e-09,-4.053128739895643e-11
297.0,300.0,5.0,1515.0,1.716380219544206e-09,1.1757204503877812e-10
297.5,300.0,5.0,1517.4505758014,1.708078141766741e-09,-4.0139836331518414e-11
298.0,300.0,5.0,1519.9013125857875,1.699828980179095e-09,1.1643828514226803e-10
298.5,300.0,5.0,1522.3522095756948,1.6916323182232893e-09,-3.97533594782473e-11
299.0,300.0,5.0,1524.8032659986009,1.6834877432277582e-09,1.1531891041110145e-10
299.5,300.0,5.0,1527.2544810868947,1.6753948463655851e-09,-3.937177888959125e-11
300.0,300.0,5.0,1529.7058540778355,1.6673532226132552e-09,1.1421369574900799e-10
