frequency_hz,continuous_noise,line_noise,total_noise
0.1,1.0012611194777917e-09,0.0,1.0012616188479017e-09
0.36655546288573815,2.7554742469335686e-10,0.0,2.75549239257054e-10
0.6331109257714762,1.6172384608070643e-10,0.0,1.617269377411692e-10
0.8996663886572144,1.1577131001353032e-10,0.0,1.1577562879228488e-10
1.1662218515429525,9.108985086982455e-11,0.0,9.10953397901719e-11
1.4327773144286906,7.577211425196721e-11,0.0,7.577871269831108e-11
1.6993327773144289,6.538852894902062e-11,0.0,6.539617510311217e-11
1.965888240200167,5.7915725710571094e-11,0.0,5.7924358300995497e-11
2.232443703085905,5.229911513408229e-11,0.0,5.230867465161008e-11
2.498999165971643,4.793572616073022e-11,0.0,4.7946155659828614e-11
2.765554628857381,4.445626697690447e-11,0.0,4.446751256278911e-11
3.032110091743119,4.162221508285263e-11,0.0,4.163422616553892e-11
3.2986655546288577,3.927284425457688e-11,0.0,3.928557363516858e-11
3.5652210175145957,3.729604080081693e-11,0.0,3.7309444640951186e-11
3.831776480400334,3.561131812990415e-11,0.0,3.562535584312443e-11
4.098331943286071,3.415947206719418e-11,0.0,3.417410616108956e-11
4.3648874061718095,3.2896035702101317e-11,0.0,3.291123159217723e-11
4.6314428690575475,3.178700138330388e-11,0.0,3.1802727193468214e-11
4.897998331943286,3.080594502137059e-11,0.0,3.0822171381323984e-11
5.164553794829024,2.9932045193524324e-11,0.0,2.994874503993753e-11
5.431109257714762,2.914868897244305e-11,0.0,2.9165837358324265e-11
5.6976647206005,2.8442471819763383e-11,0.0,2.8460045734644106e-11
5.964220183486238,2.7802467853847768e-11,0.0,2.7820446056169528e-11
6.230775646371976,2.7219689199067363e-11,0.0,2.723805206129514e-11
6.497331109257715,2.6686679855443945e-11,0.0,2.670540922185911e-11
6.763886572143453,2.6197206769356562e-11,0.0,2.6216285826112388e-11
7.030442035029191,2.5746022137834365e-11,0.0,2.5765435294631782e-11
7.296997497914929,2.5328678593525978e-11,0.0,2.5348411376142317e-11
7.563552960800667,2.4941384112724633e-11,0.0,2.4961423065572056e-11
7.830108423686405,2.458088708909429e-11,0.0,2.460121968697492e-11
8.096663886572143,2.4244384546623156e-11,0.0,2.4264999114867895e-11
8.36321934945788,2.392944826808849e-11,0.0,2.3950333910305366e-11
8.62977481234362,2.3633964915192188e-11,0.0,2.3655111447899274e-11
8.896330275229358,2.3356087164471036e-11,0.0,2.3377485057943436e-11
9.162885738115095,2.3094193581700508e-11,0.0,2.311583390641698e-11
9.429441201000834,2.2846855477459443e-11,0.0,2.2868729855589236e-11
9.695996663886572,2.261280937706919e-11,0.0,2.263490993849254e-11
9.96255212677231,2.2390934034006926e-11,0.0,2.2413253376412128e-11
10.229107589658048,2.218023114188306e-11,0.0,2.220276229452901e-11
10.495663052543787,2.1979809073997116e-11,0.0,2.2002545464772162e-11
10.762218515429524,2.1788869114305226e-11,0.0,2.1811804539751503e-11
11.028773978315263,2.1606693748849123e-11,0.0,2.162982234685611e-11
11.295329441201,2.143263666934e-11,0.0,2.1455952894242137e-11
11.561884904086739,2.1266114205899395e-11,0.0,2.1289612805740644e-11
11.828440366972476,2.1106597957869374e-11,0.0,2.113027395362246e-11
12.094995829858215,2.0953608433090254e-11,0.0,2.0977457099640817e-11
12.361551292743952,2.080670953937476e-11,0.0,2.083072638810055e-11
12.628106755629691,2.0665503798818712e-11,0.0,2.0689684561611634e-11
12.89466221851543,2.0529628177420203e-11,0.0,2.0553968792014976e-11
13.161217681401167,2.0398750440271942e-11,0.0,2.0423247036759234e-11
13.427773144286906,2.027256595715452e-11,0.0,2.0297214845568845e-11
13.694328607172643,2.0150794895328478e-11,0.0,2.0175592554212536e-11
13.960884070058382,2.0033179746201043e-11,0.0,2.0058122812057956e-11
14.22743953294412,1.9919483140726163e-11,0.0,1.9944568398280115e-11
14.493994995829858,1.9809485915200104e-11,0.0,1.9834710288393712e-11
14.760550458715596,1.9702985394791817e-11,0.0,1.9728345938455653e-11
15.027105921601335,1.9599793866900005e-11,0.0,1.962528775903607e-11
15.293661384487072,1.9499737220421568e-11,0.0,1.9525361755048082e-11
15.56021684737281,1.9402653730380088e-11,0.0,1.9428406310890048e-11
15.826772310258548,1.930839297020664e-11,0.0,1.9334271103197172e-11
16.09332777314429,1.921681483637582e-11,0.0,1.9242816125909268e-11
16.359883236030026,1.912778867214893e-11,0.0,1.9153910814410435e-11
16.626438698915763,1.904119247892343e-11,0.0,1.9067433257242837e-11
16.892994161801504,1.8956912205180593e-11,0.0,1.8983269485389627e-11
17.15954962468724,1.8874841104303173e-11,0.0,1.8901312830401297e-11
17.426105087572978,1.879487915363378e-11,0.0,1.882146334373865e-11
17.69266055045872,1.8716932528091368e-11,0.0,1.8743627270651876e-11
17.959216013344456,1.8640913122480233e-11,0.0,1.8667716572732077e-11
18.225771476230193,1.8566738117332734e-11,0.0,1.859364849397816e-11
18.49232693911593,1.8494329583739672e-11,0.0,1.85213451658347e-11
18.75888240200167,1.8423614123154868e-11,0.0,1.845073324718862e-11
19.025437864887408,1.8354522538623883e-11,0.0,1.8381743595776006e-11
19.291993327773145,1.8286989534291395e-11,0.0,1.83143109678547e-11
19.558548790658882,1.822095344039519e-11,0.0,1.8248373743351744e-11
19.825104253544623,1.8156355961264358e-11,0.0,1.818387367400411e-11
20.09165971643036,1.8093141944110973e-11,0.0,1.812075565228304e-11
20.358215179316097,1.8031259166643248e-11,0.0,1.8058967499130622e-11
20.624770642201835,1.7970658141738463e-11,0.0,1.799845976874774e-11
20.891326105087575,1.791129193759941e-11,0.0,1.7939185568857736e-11
21.157881567973313,1.7853116011981922e-11,0.0,1.7881100395034004e-11
21.42443703085905,1.779608805922607e-11,0.0,1.7824161977824617e-11
21.69099249374479,1.7740167868952078e-11,0.0,1.776833014153552e-11
21.957547956630528,1.7685317195396175e-11,0.0,1.771356667364807e-11
22.224103419516265,1.7631499636462908e-11,0.0,1.765983520394773e-11
22.490658882402002,1.757868052166085e-11,0.0,1.7607101092531346e-11
22.757214345287743,1.752682680816904e-11,0.0,1.755533132594064e-11
23.02376980817348,1.7475906984353513e-11,0.0,1.7504494420741658e-11
23.290325271059217,1.7425890980117368e-11,0.0,1.745456033393382e-11
23.556880733944954,1.7376750083525558e-11,0.0,1.7405500379630156e-11
23.823436196830695,1.7328456863197023e-11,0.0,1.7357287151501528e-11
24.089991659716432,1.7280985096003135e-11,0.0,1.7309894450524027e-11
24.35654712260217,1.7234309699653093e-11,0.0,1.726329721761045e-11
24.623102585487906,1.718840666978418e-11,0.0,1.7217471470743934e-11
24.889658048373647,1.7143253021208768e-11,0.0,1.7172394246265824e-11
25.156213511259384,1.709882673300011e-11,0.0,1.7128043543999977e-11
25.42276897414512,1.705510669712666e-11,0.0,1.7084398275923406e-11
25.689324437030862,1.70120726703693e-11,0.0,1.70414382181178e-11
25.9558798999166,1.69697052292785e-11,0.0,1.6999143965759042e-11
26.222435362802337,1.6927985727948637e-11,0.0,1.69574968909221e-11
26.488990825688074,1.688689625840526e-11,0.0,1.691647910299722e-11
26.755546288573814,1.6846419613417806e-11,0.0,1.6876073411529953e-11
27.02210175145955,1.6806539251565535e-11,0.0,1.683626329131298e-11
27.28865721434529,1.67672392643982e-11,0.0,1.6797032849571282e-11
27.555212677231026,1.6728504345545827e-11,0.0,1.6758366795095087e-11
27.821768140116767,1.669031976164307e-11,0.0,1.6720250409186258e-11
28.088323603002504,1.6652671324944578e-11,0.0,1.668266951829447e-11
28.35487906588824,1.6615545367516967e-11,0.0,1.664561046822899e-11
28.621434528773978,1.6578928716901964e-11,0.0,1.6609060099840585e-11
28.88798999165972,1.6542808673153273e-11,0.0,1.657300572607622e-11
29.154545454545456,1.650717298715699e-11,0.0,1.6537435110316394e-11
29.421100917431193,1.6472009840152044e-11,0.0,1.6502336445911703e-11
29.68765638031693,1.643730782437354e-11,0.0,1.646769833684148e-11
29.95421184320267,1.6403055924747208e-11,0.0,1.6433509779422792e-11
30.22076730608841,1.6369243501568577e-11,0.0,1.6399760145003498e-11
30.487322768974146,1.6335860274105247e-11,0.0,1.6366439163577703e-11
30.753878231859886,1.630289630506485e-11,0.0,1.6333536908266287e-11
31.020433694745623,1.6270341985875525e-11,0.0,1.6301043780609387e-11
31.28698915763136,1.6238188022729428e-11,0.0,1.626895049662127e-11
31.553544620517098,1.6206425423343017e-11,0.0,1.623724807356157e-11
31.82010008340284,1.617504548439137e-11,0.0,1.620592781737996e-11
32.086655546288576,1.614403977957637e-11,0.0,1.6174981310794278e-11
32.353211009174316,1.6113400148291558e-11,0.0,1.614440040196484e-11
32.61976647206005,1.6083118684848825e-11,0.0,1.6114177193730166e-11
32.88632193494579,1.6053187728234328e-11,0.0,1.6084304033371578e-11
33.152877397831524,1.6023599852363496e-11,0.0,1.605477350287644e-11
33.419432860717265,1.5994347856806503e-11,0.0,1.6025578409671543e-11
33.685988323603006,1.596542475795786e-11,0.0,1.5996711777800267e-11
33.95254378648874,1.593682378062517e-11,0.0,1.5968166839518553e-11
34.21909924937448,1.590853835001384e-11,0.0,1.5939937027286557e-11
34.48565471226022,1.588056208408598e-11,0.0,1.591201596613419e-11
34.752210175145954,1.585288878627304e-11,0.0,1.5884397466380068e-11
35.018765638031695,1.5825512438523e-11,0.0,1.5857075516684852e-11
35.285321100917436,1.579842719466428e-11,0.0,1.5830044277420953e-11
35.55187656380317,1.577162737406933e-11,0.0,1.5803298074341727e-11
35.81843202668891,1.5745107455602167e-11,0.0,1.57768313925344e-11
36.084987489574644,1.571886207183497e-11,0.0,1.5750638870641784e-11
36.351542952460385,1.5692886003519642e-11,0.0,1.572471529533882e-11
36.618098415346125,1.5667174174301308e-11,0.0,1.5699055596050796e-11
36.88465387823186,1.564172164566122e-11,0.0,1.567365483990083e-11
37.1512093411176,1.5616523612077525e-11,0.0,1.5648508226875008e-11
37.41776480400334,1.5591575396392807e-11,0.0,1.562361108519415e-11
37.684320266889074,1.55668724453781e-11,0.0,1.559895886688185e-11
37.950875729774815,1.5542410325483603e-11,0.0,1.557454714351911e-11
38.21743119266055,1.5518184718766864e-11,0.0,1.5550371602176246e-11
38.48398665554629,1.549419141898977e-11,0.0,1.5526428041513484e-11
38.75054211843203,1.54704263278761e-11,0.0,1.5502712368041987e-11
39.01709758131776,1.544688545152194e-11,0.0,1.5479220592537603e-11
39.283653044203504,1.5423564896951594e-11,0.0,1.5455948826599985e-11
39.550208507089245,1.5400460868812093e-11,0.0,1.5432893279350197e-11
39.81676396997498,1.537756966619974e-11,0.0,1.5410050254260248e-11
40.08331943286072,1.535488767961254e-11,0.0,1.5387416146108384e-11
40.34987489574646,1.5332411388022586e-11,0.0,1.5364987438054243e-11
40.61643035863219,1.5310137356062917e-11,0.0,1.5342760698828398e-11
40.882985821517934,1.5288062231323565e-11,0.0,1.532073258003096e-11
41.14954128440367,1.526618274175182e-11,0.0,1.5298899813534345e-11
41.41609674728941,1.524449569315198e-11,0.0,1.52772592089854e-11
41.68265221017515,1.5222997966780102e-11,0.0,1.5255807651402503e-11
41.94920767306088,1.5201686517029614e-11,0.0,1.5234542098863357e-11
42.215763135946624,1.5180558369203564e-11,0.0,1.5213459580279444e-11
42.482318598832364,1.5159610617369882e-11,0.0,1.5192557193253335e-11
42.7488740617181,1.5138840422295896e-11,0.0,1.517183210201524e-11
43.01542952460384,1.5118245009458707e-11,0.0,1.5151281535435316e-11
43.28198498748958,1.509782166712816e-11,0.0,1.5130902785108514e-11
43.54854045037531,1.507756774451925e-11,0.0,1.511069320350881e-11
43.815095913261054,1.5057480650011008e-11,0.0,1.5090650202209842e-11
44.08165137614679,1.503755784942914e-11,0.0,1.5070771250169246e-11
44.34820683903253,1.5017796864389572e-11,0.0,1.5051053872073853e-11
44.61476230191827,1.499819527070054e-11,0.0,1.5031495646743343e-11
44.881317764804,1.4978750696820646e-11,0.0,1.5012094205589872e-11
45.14787322768974,1.4959460822370636e-11,0.0,1.4992847231131314e-11
45.414428690575484,1.494032337669668e-11,0.0,1.4973752455555995e-11
45.68098415346122,1.49213361374831e-11,0.0,1.4954807659336816e-11
45.94753961634696,1.490249692941245e-11,0.0,1.4936010669892664e-11
46.21409507923269,1.488380362287114e-11,5.260055402203676e-286,1.4917359360295375e-11
46.48065054211843,1.4865254132698692e-11,1.7473980142223367e-248,1.4898851648020243e-11
46.74720600500417,1.4846846416978975e-11,1.0607615845859516e-213,1.4880485493738485e-11
47.01376146788991,1.4828578475871725e-11,1.176706507238819e-181,1.4862258900149942e-11
47.28031693077565,1.4810448350482728e-11,2.385299697090688e-152,1.484416991085445e-11
47.54687239366139,1.479245412177123e-11,8.835724725574682e-126,1.482621660926032e-11
47.81342785654712,1.477459390949307e-11,5.980890170015973e-102,1.480839711752861e-11
48.07998331943286,1.4756865871178213e-11,7.397992790094515e-81,1.4790709595551672e-11
48.3465387823186,1.473926820114129e-11,1.6721930200352663e-62,1.4773152239964726e-11
48.61309424520434,1.4721799129523953e-11,6.906902652982868e-47,1.4755723283189214e-11
48.87964970809008,1.4704456921367813e-11,5.2132036413603386e-34,1.4738420992506686e-11
49.14620517097581,1.4687239875716804e-11,7.190357288783361e-24,1.4721243669162118e-11
49.41276063386155,1.467014632474788e-11,1.812260723542557e-16,1.4704189648612283e-11
49.67931609674729,1.4653174632929e-11,8.346709752416131e-12,1.689328536768951e-11
49.94587155963303,1.4636323196203342e-11,7.024806584664785e-10,7.026338288726219e-10
50.21242702251877,1.4619590441198845e-11,1.0803832863212149e-10,1.0902757852163219e-10
50.47898248540451,1.4602974824462126e-11,3.036307615703626e-14,1.4637205868616742e-11
50.74553794829024,1.458647483171586e-11,1.559330260611266e-20,1.4620712979067757e-11
51.01209341117598,1.4570088977138813e-11,1.4633724386183052e-29,1.4604365539171564e-11
51.27864887406172,1.455381580266767e-11,2.5095512058379693e-41,1.458813060052518e-11
51.54520433694746,1.4537653877319937e-11,7.864329081811533e-56,1.4572006734034795e-11
51.8117597998332,1.452160179653711e-11,4.5035161131630116e-73,1.4555992536999662e-11
52.07831526271893,1.4505658181547413e-11,4.7126608857285665e-93,1.4540086632475523e-11
52.34487072560467,1.4489821678747431e-11,9.011665956105734e-116,1.4524287668656906e-11
52.61142618849041,1.447409095910197e-11,3.148969151908028e-141,1.450859431827761e-11
52.877981651376146,1.4458464717561473e-11,2.0107410931815417e-169,1.4493005278028775e-11
53.14453711426189,1.4442941672496455e-11,2.3462178101948839e-200,1.4477519267993903e-11
53.41109257714763,1.4427520565148305e-11,5.002705378308368e-234,1.4462135031100258e-11
53.67764804003336,1.4412200159095929e-11,1.9492428635517302e-270,1.4446851332586098e-11
53.9442035029191,1.439697923973767e-11,1.38787836236052e-309,1.4431666959483146e-11
54.210758965804835,1.4381856613788046e-11,0.0,1.441658072011387e-11
54.477314428690576,1.4366831108788695e-11,0.0,1.440159144360298e-11
54.74386989157632,1.4351901572633188e-11,0.0,1.4386697979402744e-11
55.01042535446205,1.4337066873105123e-11,0.0,1.4371899196831584e-11
55.27698081734779,1.4322325897429146e-11,0.0,1.4357193984625603e-11
55.54353628023353,1.4307677551834429e-11,0.0,1.4342581250502534e-11
55.810091743119266,1.4293120761130213e-11,0.0,1.4328059920737751e-11
56.076647206005006,1.4278654468292994e-11,1.0052299965524573e-306,1.4313628939751914e-11
56.34320266889075,1.426427763406503e-11,8.621687674707806e-268,1.4299287269709907e-11
56.60975813177648,1.424998923656374e-11,1.3512744307890796e-231,1.4285033890130692e-11
56.87631359466222,1.4235788270901676e-11,3.870073898682474e-198,1.4270867797507682e-11
57.142869057547955,1.4221673748816748e-11,2.0254400021824947e-167,1.425678800493938e-11
57.409424520433696,1.4207644698312309e-11,1.937063840880381e-139,1.4242793541769882e-11
57.675979983319436,1.419370016330689e-11,3.385266875000536e-114,1.422888345323898e-11
57.94253544620517,1.4179839203293165e-11,1.0811011149422897e-91,1.4215056800141522e-11
58.20909090909091,1.4166060893005946e-11,6.309052552876968e-72,1.4201312658495778e-11
58.47564637197665,1.4152364322098898e-11,6.72800647740166e-55,1.4187650119220511e-11
58.742201834862385,1.413874859482966e-11,1.3110917451079433e-40,1.4174068287820461e-11
59.008757297748126,1.4125212829753202e-11,4.668788400813664e-29,1.4160566284080043e-11
59.27531276063386,1.4111756159423076e-11,3.038083637410826e-20,1.414714324176493e-11
59.5418682235196,1.4098377730100358e-11,3.612598408456559e-14,1.4133844477257976e-11
59.80842368640534,1.4085076701470071e-11,7.849899073148248e-11,7.975889249198278e-11
60.074979149291075,1.4071852246364807e-11,3.116971891984157e-10,3.120162732612459e-10
60.341534612176815,1.4058703550495369e-11,2.2616537920694373e-12,1.4274530584082026e-11
60.608090075062556,1.4045629812188225e-11,2.998774369625204e-17,1.4081183076074605e-11
60.87464553794829,1.4032630242129532e-11,7.265840863752004e-25,1.406821635859814e-11
61.14120100083403,1.4019704063115578e-11,3.217009914240275e-35,1.4055322906903968e-11
61.40775646371977,1.400685050980944e-11,2.6028152527922033e-48,1.4042501956708033e-11
61.674311926605505,1.3994068828503642e-11,3.848209549819777e-64,1.4029752755373036e-11
61.940867389491245,1.3981358276888695e-11,1.0396771738228203e-82,1.401707456164531e-11
62.20742285237698,1.3968718123827297e-11,5.132899149443459e-104,1.400446664542928e-11
62.47397831526272,1.3956147649134042e-11,4.630750473600243e-128,1.399192828756743e-11
62.74053377814846,1.3943646143360508e-11,7.634216190631223e-155,1.397945877962564e-11
63.007089241034194,1.393121290758551e-11,2.299862940610184e-184,1.3967057423683673e-11
63.273644703919935,1.3918847253210449e-11,1.266087969581212e-216,1.3954723532130762e-11
63.540200166805676,1.3906548501759512e-11,1.2736503967695852e-251,1.3942456427466062e-11
63.80675562969141,1.3894315984684698e-11,2.341321291348082e-289,1.3930255442103879e-11
64.07331109257714,1.3882149043175427e-11,0.0,1.3918119918183505e-11
64.33986655546288,1.3870047027972687e-11,0.0,1.3906049207383598e-11
64.60642201834862,1.3858009299187525e-11,0.0,1.3894042670740865e-11
64.87297748123436,1.3846035226123834e-11,0.0,1.3882099678473067e-11
65.13953294412009,1.3834124187105216e-11,0.0,1.3870219609806096e-11
65.40608840700584,1.3822275569305924e-11,0.0,1.3858401852805085e-11
65.67264386989157,1.3810488768585683e-11,0.0,1.3846645804209454e-11
65.9391993327773,1.3798763189328312e-11,0.0,1.3834950869271711e-11
66.20575479566304,1.3787098244284068e-11,0.0,1.3823316461599973e-11
66.47231025854879,1.3775493354415557e-11,0.0,1.381174200300408e-11
66.73886572143452,1.3763947948747174e-11,0.0,1.3800226923345192e-11
67.00542118432026,1.3752461464217933e-11,0.0,1.378877066038881e-11
67.271976647206,1.3741033345537619e-11,0.0,1.3777372659661084e-11
67.53853211009174,1.3729663045046162e-11,0.0,1.3766032374308375e-11
67.80508757297747,1.3718350022576154e-11,0.0,1.375474926495991e-11
68.07164303586322,1.3707093745318427e-11,0.0,1.3743522799593545e-11
68.33819849874895,1.3695893687690604e-11,0.0,1.3732352453404454e-11
68.60475396163469,1.3684749331208539e-11,0.0,1.3721237708676741e-11
68.87130942452043,1.3673660164360604e-11,0.0,1.3710178054657865e-11
69.13786488740617,1.3662625682484702e-11,0.0,1.3699172987435795e-11
69.4044203502919,1.3651645387647966e-11,0.0,1.368822200981888e-11
69.67097581317765,1.3640718788529065e-11,0.0,1.3677324631218265e-11
69.93753127606338,1.3629845400303054e-11,0.0,1.3666480367532906e-11
70.20408673894912,1.361902474452871e-11,0.0,1.3655688741037022e-11
70.47064220183486,1.3608256349038248e-11,0.0,1.3644949280269964e-11
70.7371976647206,1.359753974782943e-11,0.0,1.3634261519928435e-11
71.00375312760633,1.3586874480959936e-11,0.0,1.3623625000761007e-11
71.27030859049206,1.3576260094443984e-11,0.0,1.3613039269464854e-11
71.53686405337781,1.3565696140151122e-11,0.0,1.3602503878584672e-11
71.80341951626355,1.3555182175707145e-11,0.0,1.3592018386413724e-11
72.06997497914928,1.3544717764397093e-11,0.0,1.3581582356896939e-11
72.33653044203503,1.353430247507024e-11,0.0,1.3571195359536035e-11
72.60308590492076,1.3523935882047086e-11,0.0,1.356085696929662e-11
72.8696413678065,1.3513617565028253e-11,0.0,1.3550566766517191e-11
73.13619683069224,1.3503347109005249e-11,0.0,1.3540324336820017e-11
73.40275229357798,1.3493124104173077e-11,0.0,1.3530129271023854e-11
73.66930775646371,1.3482948145844617e-11,0.0,1.3519981165058433e-11
73.93586321934946,1.3472818834366736e-11,0.0,1.350987961988067e-11
74.20241868223519,1.3462735775038132e-11,0.0,1.349982424139261e-11
74.46897414512092,1.3452698578028795e-11,0.0,1.3489814640361e-11
74.73552960800667,1.3442706858301116e-11,0.0,1.3479850432338478e-11
75.0020850708924,1.3432760235532552e-11,0.0,1.346993123758635e-11
75.26864053377814,1.3422858334039855e-11,0.0,1.3460056680998902e-11
75.53519599666389,1.3413000782704779e-11,0.0,1.3450226392029208e-11
75.80175145954962,1.3403187214901294e-11,0.0,1.3440440004616424e-11
76.06830692243535,1.3393417268424193e-11,0.0,1.3430697157114494e-11
76.33486238532109,1.338369058541913e-11,0.0,1.3420997492222277e-11
76.60141784820684,1.3374006812314016e-11,0.0,1.3411340656915016e-11
76.86797331109257,1.3364365599751747e-11,0.0,1.3401726302377162e-11
77.1345287739783,1.3354766602524251e-11,0.0,1.3392154083936503e-11
77.40108423686405,1.3345209479507807e-11,0.0,1.3382623660999551e-11
77.66763969974978,1.333569389359959e-11,0.0,1.3373134696988188e-11
77.93419516263552,1.3326219511655467e-11,0.0,1.3363686859277529e-11
78.20075062552127,1.331678600442896e-11,0.0,1.335427981913495e-11
78.467306088407,1.3307393046511377e-11,0.0,1.3344913251660325e-11
78.73386155129273,1.3298040316273085e-11,0.0,1.3335586835727344e-11
79.00041701417848,1.3288727495805896e-11,0.0,1.332630025392598e-11
79.26697247706421,1.3279454270866511e-11,0.0,1.3317053192506022e-11
79.53352793994995,1.327022033082108e-11,0.0,1.330784534132168e-11
79.8000834028357,1.3261025368590746e-11,0.0,1.3298676393777214e-11
