observable_id,P0_a_m,R_m,field_region,frequency_hz,model,direction,E_equatorial_v_per_m,E_rms_v_per_m,E_axial_v_per_m,E_min_v_per_m,E_max_v_per_m,E_optional_conservative_v_per_m,relative_to_static_equatorial_db,deltaV_1m_min_v,deltaV_1m_max_v,interpretation
UEP_result_signature_static_P0,30.0,30.0,near_intermediate_estimate_R_lt_3L,0.0,baseline_quasi_static_far_field_dipole,range_equatorial_to_axial,2.2104853207207685e-05,3.1260983199899516e-05,4.420970641441537e-05,2.2104853207207685e-05,4.420970641441537e-05,2.2104853207207685e-05,0.0,2.2104853207207685e-05,4.420970641441537e-05,"UEP is treated as the resulting signature of P0=P_corr+P_SACP+P_ICCP, not as an independent additive source."
shaft_modulation_n1,30.0,30.0,near_intermediate_estimate_R_lt_3L,3.0,baseline_quasi_static_with_optional_conservative_diffusion,range_equatorial_to_axial,6.631455962162305e-07,9.378294959969854e-07,1.326291192432461e-06,6.631455962162305e-07,1.326291192432461e-06,5.39427304020635e-07,-30.45757490560675,6.631455962162305e-07,1.326291192432461e-06,Shaft-rate line is modulation of P0. The baseline column does not include exp(-R/delta); the conservative column is sensitivity only.
shaft_modulation_n2,30.0,30.0,near_intermediate_estimate_R_lt_3L,6.0,baseline_quasi_static_with_optional_conservative_diffusion,range_equatorial_to_axial,3.3157279810811527e-07,4.689147479984927e-07,6.631455962162305e-07,3.3157279810811527e-07,6.631455962162305e-07,2.4760415530076626e-07,-36.47817481888638,3.3157279810811527e-07,6.631455962162305e-07,Shaft-rate line is modulation of P0. The baseline column does not include exp(-R/delta); the conservative column is sensitivity only.
shaft_modulation_n3,30.0,30.0,near_intermediate_estimate_R_lt_3L,9.0,baseline_quasi_static_with_optional_conservative_diffusion,range_equatorial_to_axial,2.2104853207207685e-07,3.1260983199899517e-07,4.420970641441537e-07,2.2104853207207685e-07,4.420970641441537e-07,1.5458391715280945e-07,-40.0,2.2104853207207685e-07,4.420970641441537e-07,Shaft-rate line is modulation of P0. The baseline column does not include exp(-R/delta); the conservative column is sensitivity only.
shaft_modulation_n4,30.0,30.0,near_intermediate_estimate_R_lt_3L,12.0,baseline_quasi_static_with_optional_conservative_diffusion,range_equatorial_to_axial,1.6578639905405763e-07,2.3445737399924635e-07,3.3157279810811527e-07,1.6578639905405763e-07,3.3157279810811527e-07,1.0969756037861508e-07,-42.498774732166,1.6578639905405763e-07,3.3157279810811527e-07,Shaft-rate line is modulation of P0. The baseline column does not include exp(-R/delta); the conservative column is sensitivity only.
shaft_modulation_n5,30.0,30.0,near_intermediate_estimate_R_lt_3L,15.0,baseline_quasi_static_with_optional_conservative_diffusion,range_equatorial_to_axial,1.326291192432461e-07,1.875658991993971e-07,2.652582384864922e-07,1.326291192432461e-07,2.652582384864922e-07,8.358288020813413e-08,-44.43697499232713,1.326291192432461e-07,2.652582384864922e-07,Shaft-rate line is modulation of P0. The baseline column does not include exp(-R/delta); the conservative column is sensitivity only.
UEP_result_signature_static_P0,30.0,50.0,near_intermediate_estimate_R_lt_3L,0.0,baseline_quasi_static_far_field_dipole,range_equatorial_to_axial,4.774648292756861e-06,6.752372371178296e-06,9.549296585513721e-06,4.774648292756861e-06,9.549296585513721e-06,4.774648292756861e-06,0.0,4.774648292756861e-06,9.549296585513721e-06,"UEP is treated as the resulting signature of P0=P_corr+P_SACP+P_ICCP, not as an independent additive source."
shaft_modulation_n1,30.0,50.0,near_intermediate_estimate_R_lt_3L,3.0,baseline_quasi_static_with_optional_conservative_diffusion,range_equatorial_to_axial,1.432394487827058e-07,2.0257117113534888e-07,2.864788975654116e-07,1.432394487827058e-07,2.864788975654116e-07,1.0153194361034831e-07,-30.45757490560675,1.432394487827058e-07,2.864788975654116e-07,Shaft-rate line is modulation of P0. The baseline column does not include exp(-R/delta); the conservative column is sensitivity only.
shaft_modulation_n2,30.0,50.0,near_intermediate_estimate_R_lt_3L,6.0,baseline_quasi_static_with_optional_conservative_diffusion,range_equatorial_to_axial,7.16197243913529e-08,1.0128558556767444e-07,1.432394487827058e-07,7.16197243913529e-08,1.432394487827058e-07,4.4021452646105025e-08,-36.47817481888638,7.16197243913529e-08,1.432394487827058e-07,Shaft-rate line is modulation of P0. The baseline column does not include exp(-R/delta); the conservative column is sensitivity only.
shaft_modulation_n3,30.0,50.0,near_intermediate_estimate_R_lt_3L,9.0,baseline_quasi_static_with_optional_conservative_diffusion,range_equatorial_to_axial,4.7746482927568606e-08,6.752372371178297e-08,9.549296585513721e-08,4.7746482927568606e-08,9.549296585513721e-08,2.6306869749992204e-08,-40.0,4.7746482927568606e-08,9.549296585513721e-08,Shaft-rate line is modulation of P0. The baseline column does not include exp(-R/delta); the conservative column is sensitivity only.
shaft_modulation_n4,30.0,50.0,near_intermediate_estimate_R_lt_3L,12.0,baseline_quasi_static_with_optional_conservative_diffusion,range_equatorial_to_axial,3.580986219567645e-08,5.064279278383722e-08,7.16197243913529e-08,3.580986219567645e-08,7.16197243913529e-08,1.799213774714621e-08,-42.498774732166,3.580986219567645e-08,7.16197243913529e-08,Shaft-rate line is modulation of P0. The baseline column does not include exp(-R/delta); the conservative column is sensitivity only.
shaft_modulation_n5,30.0,50.0,near_intermediate_estimate_R_lt_3L,15.0,baseline_quasi_static_with_optional_conservative_diffusion,range_equatorial_to_axial,2.8647889756541166e-08,4.0514234227069777e-08,5.729577951308233e-08,2.8647889756541166e-08,5.729577951308233e-08,1.3270584397653664e-08,-44.43697499232712,2.8647889756541166e-08,5.729577951308233e-08,Shaft-rate line is modulation of P0. The baseline column does not include exp(-R/delta); the conservative column is sensitivity only.
UEP_result_signature_static_P0,30.0,100.0,near_intermediate_estimate_R_lt_3L,0.0,baseline_quasi_static_far_field_dipole,range_equatorial_to_axial,5.968310365946076e-07,8.44046546397287e-07,1.1936620731892152e-06,5.968310365946076e-07,1.1936620731892152e-06,5.968310365946076e-07,0.0,5.968310365946076e-07,1.1936620731892152e-06,"UEP is treated as the resulting signature of P0=P_corr+P_SACP+P_ICCP, not as an independent additive source."
shaft_modulation_n1,30.0,100.0,near_intermediate_estimate_R_lt_3L,3.0,baseline_quasi_static_with_optional_conservative_diffusion,range_equatorial_to_axial,1.7904931097838226e-08,2.532139639191861e-08,3.580986219567645e-08,1.7904931097838226e-08,3.580986219567645e-08,8.996068873573105e-09,-30.45757490560675,1.7904931097838226e-08,3.580986219567645e-08,Shaft-rate line is modulation of P0. The baseline column does not include exp(-R/delta); the conservative column is sensitivity only.
shaft_modulation_n2,30.0,100.0,near_intermediate_estimate_R_lt_3L,6.0,baseline_quasi_static_with_optional_conservative_diffusion,range_equatorial_to_axial,8.952465548919113e-09,1.2660698195959305e-08,1.7904931097838226e-08,8.952465548919113e-09,1.7904931097838226e-08,3.382253124998133e-09,-36.47817481888638,8.952465548919113e-09,1.7904931097838226e-08,Shaft-rate line is modulation of P0. The baseline column does not include exp(-R/delta); the conservative column is sensitivity only.
shaft_modulation_n3,30.0,100.0,near_intermediate_estimate_R_lt_3L,9.0,baseline_quasi_static_with_optional_conservative_diffusion,range_equatorial_to_axial,5.968310365946076e-09,8.44046546397287e-09,1.1936620731892151e-08,5.968310365946076e-09,1.1936620731892151e-08,1.8117863180961846e-09,-40.0,5.968310365946076e-09,1.1936620731892151e-08,Shaft-rate line is modulation of P0. The baseline column does not include exp(-R/delta); the conservative column is sensitivity only.
shaft_modulation_n4,30.0,100.0,near_intermediate_estimate_R_lt_3L,12.0,baseline_quasi_static_with_optional_conservative_diffusion,range_equatorial_to_axial,4.476232774459557e-09,6.330349097979653e-09,8.952465548919113e-09,4.476232774459557e-09,8.952465548919113e-09,1.129985571235205e-09,-42.498774732166,4.476232774459557e-09,8.952465548919113e-09,Shaft-rate line is modulation of P0. The baseline column does not include exp(-R/delta); the conservative column is sensitivity only.
shaft_modulation_n5,30.0,100.0,near_intermediate_estimate_R_lt_3L,15.0,baseline_quasi_static_with_optional_conservative_diffusion,range_equatorial_to_axial,3.5809862195676457e-09,5.064279278383722e-09,7.161972439135291e-09,3.5809862195676457e-09,7.161972439135291e-09,7.6841789985176e-10,-44.43697499232712,3.5809862195676457e-09,7.161972439135291e-09,Shaft-rate line is modulation of P0. The baseline column does not include exp(-R/delta); the conservative column is sensitivity only.
UEP_result_signature_static_P0,30.0,300.0,far_field_R_ge_3L,0.0,baseline_quasi_static_far_field_dipole,range_equatorial_to_axial,2.2104853207207686e-08,3.126098319989951e-08,4.420970641441537e-08,2.2104853207207686e-08,4.420970641441537e-08,2.2104853207207686e-08,0.0,2.2104853207207686e-08,4.420970641441537e-08,"UEP is treated as the resulting signature of P0=P_corr+P_SACP+P_ICCP, not as an independent additive source."
shaft_modulation_n1,30.0,300.0,far_field_R_ge_3L,3.0,baseline_quasi_static_with_optional_conservative_diffusion,range_equatorial_to_axial,6.631455962162306e-10,9.378294959969853e-10,1.3262911924324612e-09,6.631455962162306e-10,1.3262911924324612e-09,8.411031177971254e-11,-30.45757490560675,6.631455962162306e-10,1.3262911924324612e-09,Shaft-rate line is modulation of P0. The baseline column does not include exp(-R/delta); the conservative column is sensitivity only.
shaft_modulation_n2,30.0,300.0,far_field_R_ge_3L,6.0,baseline_quasi_static_with_optional_conservative_diffusion,range_equatorial_to_axial,3.315727981081153e-10,4.689147479984926e-10,6.631455962162306e-10,3.315727981081153e-10,6.631455962162306e-10,1.7880071005315417e-11,-36.47817481888637,3.315727981081153e-10,6.631455962162306e-10,Shaft-rate line is modulation of P0. The baseline column does not include exp(-R/delta); the conservative column is sensitivity only.
shaft_modulation_n3,30.0,300.0,far_field_R_ge_3L,9.0,baseline_quasi_static_with_optional_conservative_diffusion,range_equatorial_to_axial,2.2104853207207686e-10,3.1260983199899516e-10,4.420970641441537e-10,2.2104853207207686e-10,4.420970641441537e-10,6.183784754618203e-12,-40.0,2.2104853207207686e-10,4.420970641441537e-10,Shaft-rate line is modulation of P0. The baseline column does not include exp(-R/delta); the conservative column is sensitivity only.
shaft_modulation_n4,30.0,300.0,far_field_R_ge_3L,12.0,baseline_quasi_static_with_optional_conservative_diffusion,range_equatorial_to_axial,1.6578639905405765e-10,2.344573739992463e-10,3.315727981081153e-10,1.6578639905405765e-10,3.315727981081153e-10,2.6670404614183957e-12,-42.498774732166,1.6578639905405765e-10,3.315727981081153e-10,Shaft-rate line is modulation of P0. The baseline column does not include exp(-R/delta); the conservative column is sensitivity only.
shaft_modulation_n5,30.0,300.0,far_field_R_ge_3L,15.0,baseline_quasi_static_with_optional_conservative_diffusion,range_equatorial_to_axial,1.326291192432461e-10,1.8756589919939708e-10,2.652582384864922e-10,1.326291192432461e-10,2.652582384864922e-10,1.3104587505842966e-12,-44.43697499232713,1.326291192432461e-10,2.652582384864922e-10,Shaft-rate line is modulation of P0. The baseline column does not include exp(-R/delta); the conservative column is sensitivity only.
UEP_result_signature_static_P0,30.0,500.0,far_field_R_ge_3L,0.0,baseline_quasi_static_far_field_dipole,range_equatorial_to_axial,4.77464829275686e-09,6.7523723711782955e-09,9.54929658551372e-09,4.77464829275686e-09,9.54929658551372e-09,4.77464829275686e-09,0.0,4.77464829275686e-09,9.54929658551372e-09,"UEP is treated as the resulting signature of P0=P_corr+P_SACP+P_ICCP, not as an independent additive source."
shaft_modulation_n1,30.0,500.0,far_field_R_ge_3L,3.0,baseline_quasi_static_with_optional_conservative_diffusion,range_equatorial_to_axial,1.432394487827058e-10,2.0257117113534886e-10,2.864788975654116e-10,1.432394487827058e-10,2.864788975654116e-10,4.586308128795489e-12,-30.45757490560675,1.432394487827058e-10,2.864788975654116e-10,Shaft-rate line is modulation of P0. The baseline column does not include exp(-R/delta); the conservative column is sensitivity only.
shaft_modulation_n2,30.0,500.0,far_field_R_ge_3L,6.0,baseline_quasi_static_with_optional_conservative_diffusion,range_equatorial_to_axial,7.16197243913529e-11,1.0128558556767443e-10,1.432394487827058e-10,7.16197243913529e-11,1.432394487827058e-10,5.51251630273442e-13,-36.47817481888638,7.16197243913529e-11,1.432394487827058e-10,Shaft-rate line is modulation of P0. The baseline column does not include exp(-R/delta); the conservative column is sensitivity only.
shaft_modulation_n3,30.0,500.0,far_field_R_ge_3L,9.0,baseline_quasi_static_with_optional_conservative_diffusion,range_equatorial_to_axial,4.7746482927568604e-11,6.752372371178296e-11,9.549296585513721e-11,4.7746482927568604e-11,9.549296585513721e-11,1.2308900699132474e-13,-40.0,4.7746482927568604e-11,9.549296585513721e-11,Shaft-rate line is modulation of P0. The baseline column does not include exp(-R/delta); the conservative column is sensitivity only.
shaft_modulation_n4,30.0,500.0,far_field_R_ge_3L,12.0,baseline_quasi_static_with_optional_conservative_diffusion,range_equatorial_to_axial,3.580986219567645e-11,5.0642792783837216e-11,7.16197243913529e-11,3.580986219567645e-11,7.16197243913529e-11,3.6711643389811725e-14,-42.498774732166,3.580986219567645e-11,7.16197243913529e-11,Shaft-rate line is modulation of P0. The baseline column does not include exp(-R/delta); the conservative column is sensitivity only.
shaft_modulation_n5,30.0,500.0,far_field_R_ge_3L,15.0,baseline_quasi_static_with_optional_conservative_diffusion,range_equatorial_to_axial,2.864788975654116e-11,4.0514234227069775e-11,5.729577951308232e-11,2.864788975654116e-11,5.729577951308232e-11,1.303367095537039e-14,-44.43697499232712,2.864788975654116e-11,5.729577951308232e-11,Shaft-rate line is modulation of P0. The baseline column does not include exp(-R/delta); the conservative column is sensitivity only.
UEP_result_signature_static_P0,30.0,1000.0,far_field_R_ge_3L,0.0,baseline_quasi_static_far_field_dipole,range_equatorial_to_axial,5.968310365946075e-10,8.440465463972869e-10,1.193662073189215e-09,5.968310365946075e-10,1.193662073189215e-09,5.968310365946075e-10,0.0,5.968310365946075e-10,1.193662073189215e-09,"UEP is treated as the resulting signature of P0=P_corr+P_SACP+P_ICCP, not as an independent additive source."
shaft_modulation_n1,30.0,1000.0,far_field_R_ge_3L,3.0,baseline_quasi_static_with_optional_conservative_diffusion,range_equatorial_to_axial,1.7904931097838226e-11,2.5321396391918608e-11,3.580986219567645e-11,1.7904931097838226e-11,3.580986219567645e-11,1.8355821694905863e-14,-30.45757490560675,1.7904931097838226e-11,3.580986219567645e-11,Shaft-rate line is modulation of P0. The baseline column does not include exp(-R/delta); the conservative column is sensitivity only.
shaft_modulation_n2,30.0,1000.0,far_field_R_ge_3L,6.0,baseline_quasi_static_with_optional_conservative_diffusion,range_equatorial_to_axial,8.952465548919113e-12,1.2660698195959304e-11,1.7904931097838226e-11,8.952465548919113e-12,1.7904931097838226e-11,5.303677905451016e-16,-36.47817481888638,8.952465548919113e-12,1.7904931097838226e-11,Shaft-rate line is modulation of P0. The baseline column does not include exp(-R/delta); the conservative column is sensitivity only.
shaft_modulation_n3,30.0,1000.0,far_field_R_ge_3L,9.0,baseline_quasi_static_with_optional_conservative_diffusion,range_equatorial_to_axial,5.9683103659460755e-12,8.44046546397287e-12,1.1936620731892151e-11,5.9683103659460755e-12,1.1936620731892151e-11,3.966497298108404e-17,-40.0,5.9683103659460755e-12,1.1936620731892151e-11,Shaft-rate line is modulation of P0. The baseline column does not include exp(-R/delta); the conservative column is sensitivity only.
shaft_modulation_n4,30.0,1000.0,far_field_R_ge_3L,12.0,baseline_quasi_static_with_optional_conservative_diffusion,range_equatorial_to_axial,4.4762327744595564e-12,6.330349097979652e-12,8.952465548919113e-12,4.4762327744595564e-12,8.952465548919113e-12,4.704516709029072e-18,-42.498774732166,4.4762327744595564e-12,8.952465548919113e-12,Shaft-rate line is modulation of P0. The baseline column does not include exp(-R/delta); the conservative column is sensitivity only.
shaft_modulation_n5,30.0,1000.0,far_field_R_ge_3L,15.0,baseline_quasi_static_with_optional_conservative_diffusion,range_equatorial_to_axial,3.580986219567645e-12,5.064279278383722e-12,7.16197243913529e-12,3.580986219567645e-12,7.16197243913529e-12,7.412264045298392e-19,-44.43697499232712,3.580986219567645e-12,7.16197243913529e-12,Shaft-rate line is modulation of P0. The baseline column does not include exp(-R/delta); the conservative column is sensitivity only.
UEP_result_signature_static_P0,30.0,3000.0,far_field_R_ge_3L,0.0,baseline_quasi_static_far_field_dipole,range_equatorial_to_axial,2.2104853207207687e-11,3.126098319989952e-11,4.4209706414415374e-11,2.2104853207207687e-11,4.4209706414415374e-11,2.2104853207207687e-11,0.0,2.2104853207207687e-11,4.4209706414415374e-11,"UEP is treated as the resulting signature of P0=P_corr+P_SACP+P_ICCP, not as an independent additive source."
shaft_modulation_n1,30.0,3000.0,far_field_R_ge_3L,3.0,baseline_quasi_static_with_optional_conservative_diffusion,range_equatorial_to_axial,6.631455962162306e-13,9.378294959969856e-13,1.3262911924324611e-12,6.631455962162306e-13,1.3262911924324611e-12,7.145167576691814e-22,-30.45757490560675,6.631455962162306e-13,1.3262911924324611e-12,Shaft-rate line is modulation of P0. The baseline column does not include exp(-R/delta); the conservative column is sensitivity only.
shaft_modulation_n2,30.0,3000.0,far_field_R_ge_3L,6.0,baseline_quasi_static_with_optional_conservative_diffusion,range_equatorial_to_axial,3.315727981081153e-13,4.689147479984928e-13,6.631455962162306e-13,3.315727981081153e-13,6.631455962162306e-13,6.89417563021565e-26,-36.47817481888638,3.315727981081153e-13,6.631455962162306e-13,Shaft-rate line is modulation of P0. The baseline column does not include exp(-R/delta); the conservative column is sensitivity only.
shaft_modulation_n3,30.0,3000.0,far_field_R_ge_3L,9.0,baseline_quasi_static_with_optional_conservative_diffusion,range_equatorial_to_axial,2.2104853207207688e-13,3.126098319989952e-13,4.4209706414415377e-13,2.2104853207207688e-13,4.4209706414415377e-13,6.488658615918915e-29,-40.0,2.2104853207207688e-13,4.4209706414415377e-13,Shaft-rate line is modulation of P0. The baseline column does not include exp(-R/delta); the conservative column is sensitivity only.
shaft_modulation_n4,30.0,3000.0,far_field_R_ge_3L,12.0,baseline_quasi_static_with_optional_conservative_diffusion,range_equatorial_to_axial,1.6578639905405764e-13,2.344573739992464e-13,3.315727981081153e-13,1.6578639905405764e-13,3.315727981081153e-13,1.9246685792044783e-31,-42.498774732166,1.6578639905405764e-13,3.315727981081153e-13,Shaft-rate line is modulation of P0. The baseline column does not include exp(-R/delta); the conservative column is sensitivity only.
shaft_modulation_n5,30.0,3000.0,far_field_R_ge_3L,15.0,baseline_quasi_static_with_optional_conservative_diffusion,range_equatorial_to_axial,1.3262911924324613e-13,1.8756589919939712e-13,2.6525823848649226e-13,1.3262911924324613e-13,2.6525823848649226e-13,1.176206517107996e-33,-44.43697499232712,1.3262911924324613e-13,2.6525823848649226e-13,Shaft-rate line is modulation of P0. The baseline column does not include exp(-R/delta); the conservative column is sensitivity only.
UEP_result_signature_static_P0,100.0,30.0,near_intermediate_estimate_R_lt_3L,0.0,baseline_quasi_static_far_field_dipole,range_equatorial_to_axial,7.368284402402561e-05,0.0001042032773329984,0.00014736568804805123,7.368284402402561e-05,0.00014736568804805123,7.368284402402561e-05,0.0,7.368284402402561e-05,0.00014736568804805123,"UEP is treated as the resulting signature of P0=P_corr+P_SACP+P_ICCP, not as an independent additive source."
shaft_modulation_n1,100.0,30.0,near_intermediate_estimate_R_lt_3L,3.0,baseline_quasi_static_with_optional_conservative_diffusion,range_equatorial_to_axial,2.2104853207207682e-06,3.126098319989952e-06,4.4209706414415365e-06,2.2104853207207682e-06,4.4209706414415365e-06,1.7980910134021167e-06,-30.45757490560675,2.2104853207207682e-06,4.4209706414415365e-06,Shaft-rate line is modulation of P0. The baseline column does not include exp(-R/delta); the conservative column is sensitivity only.
shaft_modulation_n2,100.0,30.0,near_intermediate_estimate_R_lt_3L,6.0,baseline_quasi_static_with_optional_conservative_diffusion,range_equatorial_to_axial,1.1052426603603841e-06,1.563049159994976e-06,2.2104853207207682e-06,1.1052426603603841e-06,2.2104853207207682e-06,8.253471843358874e-07,-36.47817481888638,1.1052426603603841e-06,2.2104853207207682e-06,Shaft-rate line is modulation of P0. The baseline column does not include exp(-R/delta); the conservative column is sensitivity only.
shaft_modulation_n3,100.0,30.0,near_intermediate_estimate_R_lt_3L,9.0,baseline_quasi_static_with_optional_conservative_diffusion,range_equatorial_to_axial,7.368284402402562e-07,1.042032773329984e-06,1.4736568804805123e-06,7.368284402402562e-07,1.4736568804805123e-06,5.152797238426981e-07,-40.0,7.368284402402562e-07,1.4736568804805123e-06,Shaft-rate line is modulation of P0. The baseline column does not include exp(-R/delta); the conservative column is sensitivity only.
shaft_modulation_n4,100.0,30.0,near_intermediate_estimate_R_lt_3L,12.0,baseline_quasi_static_with_optional_conservative_diffusion,range_equatorial_to_axial,5.526213301801921e-07,7.81524579997488e-07,1.1052426603603841e-06,5.526213301801921e-07,1.1052426603603841e-06,3.6565853459538357e-07,-42.498774732166,5.526213301801921e-07,1.1052426603603841e-06,Shaft-rate line is modulation of P0. The baseline column does not include exp(-R/delta); the conservative column is sensitivity only.
shaft_modulation_n5,100.0,30.0,near_intermediate_estimate_R_lt_3L,15.0,baseline_quasi_static_with_optional_conservative_diffusion,range_equatorial_to_axial,4.420970641441537e-07,6.252196639979903e-07,8.841941282883074e-07,4.420970641441537e-07,8.841941282883074e-07,2.7860960069378045e-07,-44.43697499232712,4.420970641441537e-07,8.841941282883074e-07,Shaft-rate line is modulation of P0. The baseline column does not include exp(-R/delta); the conservative column is sensitivity only.
UEP_result_signature_static_P0,100.0,50.0,near_intermediate_estimate_R_lt_3L,0.0,baseline_quasi_static_far_field_dipole,range_equatorial_to_axial,1.5915494309189534e-05,2.2507907903927653e-05,3.183098861837907e-05,1.5915494309189534e-05,3.183098861837907e-05,1.5915494309189534e-05,0.0,1.5915494309189534e-05,3.183098861837907e-05,"UEP is treated as the resulting signature of P0=P_corr+P_SACP+P_ICCP, not as an independent additive source."
shaft_modulation_n1,100.0,50.0,near_intermediate_estimate_R_lt_3L,3.0,baseline_quasi_static_with_optional_conservative_diffusion,range_equatorial_to_axial,4.77464829275686e-07,6.752372371178296e-07,9.54929658551372e-07,4.77464829275686e-07,9.54929658551372e-07,3.3843981203449437e-07,-30.45757490560675,4.77464829275686e-07,9.54929658551372e-07,Shaft-rate line is modulation of P0. The baseline column does not include exp(-R/delta); the conservative column is sensitivity only.
shaft_modulation_n2,100.0,50.0,near_intermediate_estimate_R_lt_3L,6.0,baseline_quasi_static_with_optional_conservative_diffusion,range_equatorial_to_axial,2.38732414637843e-07,3.376186185589148e-07,4.77464829275686e-07,2.38732414637843e-07,4.77464829275686e-07,1.4673817548701676e-07,-36.47817481888638,2.38732414637843e-07,4.77464829275686e-07,Shaft-rate line is modulation of P0. The baseline column does not include exp(-R/delta); the conservative column is sensitivity only.
shaft_modulation_n3,100.0,50.0,near_intermediate_estimate_R_lt_3L,9.0,baseline_quasi_static_with_optional_conservative_diffusion,range_equatorial_to_axial,1.5915494309189535e-07,2.2507907903927654e-07,3.183098861837907e-07,1.5915494309189535e-07,3.183098861837907e-07,8.768956583330734e-08,-40.0,1.5915494309189535e-07,3.183098861837907e-07,Shaft-rate line is modulation of P0. The baseline column does not include exp(-R/delta); the conservative column is sensitivity only.
shaft_modulation_n4,100.0,50.0,near_intermediate_estimate_R_lt_3L,12.0,baseline_quasi_static_with_optional_conservative_diffusion,range_equatorial_to_axial,1.193662073189215e-07,1.688093092794574e-07,2.38732414637843e-07,1.193662073189215e-07,2.38732414637843e-07,5.997379249048736e-08,-42.498774732166,1.193662073189215e-07,2.38732414637843e-07,Shaft-rate line is modulation of P0. The baseline column does not include exp(-R/delta); the conservative column is sensitivity only.
shaft_modulation_n5,100.0,50.0,near_intermediate_estimate_R_lt_3L,15.0,baseline_quasi_static_with_optional_conservative_diffusion,range_equatorial_to_axial,9.54929658551372e-08,1.3504744742356593e-07,1.909859317102744e-07,9.54929658551372e-08,1.909859317102744e-07,4.4235281325512206e-08,-44.43697499232712,9.54929658551372e-08,1.909859317102744e-07,Shaft-rate line is modulation of P0. The baseline column does not include exp(-R/delta); the conservative column is sensitivity only.
UEP_result_signature_static_P0,100.0,100.0,near_intermediate_estimate_R_lt_3L,0.0,baseline_quasi_static_far_field_dipole,range_equatorial_to_axial,1.9894367886486917e-06,2.8134884879909566e-06,3.9788735772973834e-06,1.9894367886486917e-06,3.9788735772973834e-06,1.9894367886486917e-06,0.0,1.9894367886486917e-06,3.9788735772973834e-06,"UEP is treated as the resulting signature of P0=P_corr+P_SACP+P_ICCP, not as an independent additive source."
shaft_modulation_n1,100.0,100.0,near_intermediate_estimate_R_lt_3L,3.0,baseline_quasi_static_with_optional_conservative_diffusion,range_equatorial_to_axial,5.968310365946075e-08,8.44046546397287e-08,1.193662073189215e-07,5.968310365946075e-08,1.193662073189215e-07,2.998689624524368e-08,-30.45757490560675,5.968310365946075e-08,1.193662073189215e-07,Shaft-rate line is modulation of P0. The baseline column does not include exp(-R/delta); the conservative column is sensitivity only.
shaft_modulation_n2,100.0,100.0,near_intermediate_estimate_R_lt_3L,6.0,baseline_quasi_static_with_optional_conservative_diffusion,range_equatorial_to_axial,2.9841551829730376e-08,4.220232731986435e-08,5.968310365946075e-08,2.9841551829730376e-08,5.968310365946075e-08,1.127417708332711e-08,-36.47817481888638,2.9841551829730376e-08,5.968310365946075e-08,Shaft-rate line is modulation of P0. The baseline column does not include exp(-R/delta); the conservative column is sensitivity only.
shaft_modulation_n3,100.0,100.0,near_intermediate_estimate_R_lt_3L,9.0,baseline_quasi_static_with_optional_conservative_diffusion,range_equatorial_to_axial,1.989436788648692e-08,2.8134884879909568e-08,3.978873577297384e-08,1.989436788648692e-08,3.978873577297384e-08,6.039287726987281e-09,-40.0,1.989436788648692e-08,3.978873577297384e-08,Shaft-rate line is modulation of P0. The baseline column does not include exp(-R/delta); the conservative column is sensitivity only.
shaft_modulation_n4,100.0,100.0,near_intermediate_estimate_R_lt_3L,12.0,baseline_quasi_static_with_optional_conservative_diffusion,range_equatorial_to_axial,1.4920775914865188e-08,2.1101163659932174e-08,2.9841551829730376e-08,1.4920775914865188e-08,2.9841551829730376e-08,3.766618570784016e-09,-42.498774732166,1.4920775914865188e-08,2.9841551829730376e-08,Shaft-rate line is modulation of P0. The baseline column does not include exp(-R/delta); the conservative column is sensitivity only.
shaft_modulation_n5,100.0,100.0,near_intermediate_estimate_R_lt_3L,15.0,baseline_quasi_static_with_optional_conservative_diffusion,range_equatorial_to_axial,1.193662073189215e-08,1.688093092794574e-08,2.38732414637843e-08,1.193662073189215e-08,2.38732414637843e-08,2.5613929995058664e-09,-44.43697499232712,1.193662073189215e-08,2.38732414637843e-08,Shaft-rate line is modulation of P0. The baseline column does not include exp(-R/delta); the conservative column is sensitivity only.
UEP_result_signature_static_P0,100.0,300.0,far_field_R_ge_3L,0.0,baseline_quasi_static_far_field_dipole,range_equatorial_to_axial,7.368284402402562e-08,1.0420327733299839e-07,1.4736568804805123e-07,7.368284402402562e-08,1.4736568804805123e-07,7.368284402402562e-08,0.0,7.368284402402562e-08,1.4736568804805123e-07,"UEP is treated as the resulting signature of P0=P_corr+P_SACP+P_ICCP, not as an independent additive source."
shaft_modulation_n1,100.0,300.0,far_field_R_ge_3L,3.0,baseline_quasi_static_with_optional_conservative_diffusion,range_equatorial_to_axial,2.2104853207207685e-09,3.1260983199899516e-09,4.420970641441537e-09,2.2104853207207685e-09,4.420970641441537e-09,2.8036770593237513e-10,-30.45757490560675,2.2104853207207685e-09,4.420970641441537e-09,Shaft-rate line is modulation of P0. The baseline column does not include exp(-R/delta); the conservative column is sensitivity only.
shaft_modulation_n2,100.0,300.0,far_field_R_ge_3L,6.0,baseline_quasi_static_with_optional_conservative_diffusion,range_equatorial_to_axial,1.1052426603603843e-09,1.5630491599949758e-09,2.2104853207207685e-09,1.1052426603603843e-09,2.2104853207207685e-09,5.960023668438472e-11,-36.47817481888637,1.1052426603603843e-09,2.2104853207207685e-09,Shaft-rate line is modulation of P0. The baseline column does not include exp(-R/delta); the conservative column is sensitivity only.
shaft_modulation_n3,100.0,300.0,far_field_R_ge_3L,9.0,baseline_quasi_static_with_optional_conservative_diffusion,range_equatorial_to_axial,7.368284402402562e-10,1.0420327733299838e-09,1.4736568804805123e-09,7.368284402402562e-10,1.4736568804805123e-09,2.0612615848727344e-11,-40.0,7.368284402402562e-10,1.4736568804805123e-09,Shaft-rate line is modulation of P0. The baseline column does not include exp(-R/delta); the conservative column is sensitivity only.
shaft_modulation_n4,100.0,300.0,far_field_R_ge_3L,12.0,baseline_quasi_static_with_optional_conservative_diffusion,range_equatorial_to_axial,5.526213301801921e-10,7.815245799974879e-10,1.1052426603603843e-09,5.526213301801921e-10,1.1052426603603843e-09,8.890134871394652e-12,-42.498774732166,5.526213301801921e-10,1.1052426603603843e-09,Shaft-rate line is modulation of P0. The baseline column does not include exp(-R/delta); the conservative column is sensitivity only.
shaft_modulation_n5,100.0,300.0,far_field_R_ge_3L,15.0,baseline_quasi_static_with_optional_conservative_diffusion,range_equatorial_to_axial,4.420970641441537e-10,6.252196639979903e-10,8.841941282883074e-10,4.420970641441537e-10,8.841941282883074e-10,4.368195835280989e-12,-44.43697499232712,4.420970641441537e-10,8.841941282883074e-10,Shaft-rate line is modulation of P0. The baseline column does not include exp(-R/delta); the conservative column is sensitivity only.
UEP_result_signature_static_P0,100.0,500.0,far_field_R_ge_3L,0.0,baseline_quasi_static_far_field_dipole,range_equatorial_to_axial,1.5915494309189534e-08,2.2507907903927653e-08,3.183098861837907e-08,1.5915494309189534e-08,3.183098861837907e-08,1.5915494309189534e-08,0.0,1.5915494309189534e-08,3.183098861837907e-08,"UEP is treated as the resulting signature of P0=P_corr+P_SACP+P_ICCP, not as an independent additive source."
shaft_modulation_n1,100.0,500.0,far_field_R_ge_3L,3.0,baseline_quasi_static_with_optional_conservative_diffusion,range_equatorial_to_axial,4.77464829275686e-10,6.752372371178295e-10,9.54929658551372e-10,4.77464829275686e-10,9.54929658551372e-10,1.5287693762651632e-11,-30.45757490560675,4.77464829275686e-10,9.54929658551372e-10,Shaft-rate line is modulation of P0. The baseline column does not include exp(-R/delta); the conservative column is sensitivity only.
shaft_modulation_n2,100.0,500.0,far_field_R_ge_3L,6.0,baseline_quasi_static_with_optional_conservative_diffusion,range_equatorial_to_axial,2.38732414637843e-10,3.3761861855891476e-10,4.77464829275686e-10,2.38732414637843e-10,4.77464829275686e-10,1.837505434244807e-12,-36.47817481888637,2.38732414637843e-10,4.77464829275686e-10,Shaft-rate line is modulation of P0. The baseline column does not include exp(-R/delta); the conservative column is sensitivity only.
shaft_modulation_n3,100.0,500.0,far_field_R_ge_3L,9.0,baseline_quasi_static_with_optional_conservative_diffusion,range_equatorial_to_axial,1.5915494309189535e-10,2.2507907903927653e-10,3.183098861837907e-10,1.5915494309189535e-10,3.183098861837907e-10,4.102966899710825e-13,-40.0,1.5915494309189535e-10,3.183098861837907e-10,Shaft-rate line is modulation of P0. The baseline column does not include exp(-R/delta); the conservative column is sensitivity only.
shaft_modulation_n4,100.0,500.0,far_field_R_ge_3L,12.0,baseline_quasi_static_with_optional_conservative_diffusion,range_equatorial_to_axial,1.193662073189215e-10,1.6880930927945738e-10,2.38732414637843e-10,1.193662073189215e-10,2.38732414637843e-10,1.2237214463270576e-13,-42.498774732166,1.193662073189215e-10,2.38732414637843e-10,Shaft-rate line is modulation of P0. The baseline column does not include exp(-R/delta); the conservative column is sensitivity only.
shaft_modulation_n5,100.0,500.0,far_field_R_ge_3L,15.0,baseline_quasi_static_with_optional_conservative_diffusion,range_equatorial_to_axial,9.549296585513721e-11,1.3504744742356592e-10,1.9098593171027442e-10,9.549296585513721e-11,1.9098593171027442e-10,4.344556985123464e-14,-44.43697499232712,9.549296585513721e-11,1.9098593171027442e-10,Shaft-rate line is modulation of P0. The baseline column does not include exp(-R/delta); the conservative column is sensitivity only.
UEP_result_signature_static_P0,100.0,1000.0,far_field_R_ge_3L,0.0,baseline_quasi_static_far_field_dipole,range_equatorial_to_axial,1.9894367886486918e-09,2.8134884879909566e-09,3.9788735772973836e-09,1.9894367886486918e-09,3.9788735772973836e-09,1.9894367886486918e-09,0.0,1.9894367886486918e-09,3.9788735772973836e-09,"UEP is treated as the resulting signature of P0=P_corr+P_SACP+P_ICCP, not as an independent additive source."
shaft_modulation_n1,100.0,1000.0,far_field_R_ge_3L,3.0,baseline_quasi_static_with_optional_conservative_diffusion,range_equatorial_to_axial,5.968310365946076e-11,8.440465463972869e-11,1.193662073189215e-10,5.968310365946076e-11,1.193662073189215e-10,6.118607231635288e-14,-30.45757490560675,5.968310365946076e-11,1.193662073189215e-10,Shaft-rate line is modulation of P0. The baseline column does not include exp(-R/delta); the conservative column is sensitivity only.
shaft_modulation_n2,100.0,1000.0,far_field_R_ge_3L,6.0,baseline_quasi_static_with_optional_conservative_diffusion,range_equatorial_to_axial,2.984155182973038e-11,4.2202327319864345e-11,5.968310365946076e-11,2.984155182973038e-11,5.968310365946076e-11,1.7678926351503389e-15,-36.47817481888637,2.984155182973038e-11,5.968310365946076e-11,Shaft-rate line is modulation of P0. The baseline column does not include exp(-R/delta); the conservative column is sensitivity only.
shaft_modulation_n3,100.0,1000.0,far_field_R_ge_3L,9.0,baseline_quasi_static_with_optional_conservative_diffusion,range_equatorial_to_axial,1.989436788648692e-11,2.8134884879909566e-11,3.978873577297384e-11,1.989436788648692e-11,3.978873577297384e-11,1.3221657660361347e-16,-40.0,1.989436788648692e-11,3.978873577297384e-11,Shaft-rate line is modulation of P0. The baseline column does not include exp(-R/delta); the conservative column is sensitivity only.
shaft_modulation_n4,100.0,1000.0,far_field_R_ge_3L,12.0,baseline_quasi_static_with_optional_conservative_diffusion,range_equatorial_to_axial,1.492077591486519e-11,2.1101163659932172e-11,2.984155182973038e-11,1.492077591486519e-11,2.984155182973038e-11,1.568172236343024e-17,-42.498774732166,1.492077591486519e-11,2.984155182973038e-11,Shaft-rate line is modulation of P0. The baseline column does not include exp(-R/delta); the conservative column is sensitivity only.
shaft_modulation_n5,100.0,1000.0,far_field_R_ge_3L,15.0,baseline_quasi_static_with_optional_conservative_diffusion,range_equatorial_to_axial,1.1936620731892151e-11,1.688093092794574e-11,2.3873241463784302e-11,1.1936620731892151e-11,2.3873241463784302e-11,2.4707546817661307e-18,-44.43697499232712,1.1936620731892151e-11,2.3873241463784302e-11,Shaft-rate line is modulation of P0. The baseline column does not include exp(-R/delta); the conservative column is sensitivity only.
UEP_result_signature_static_P0,100.0,3000.0,far_field_R_ge_3L,0.0,baseline_quasi_static_far_field_dipole,range_equatorial_to_axial,7.368284402402563e-11,1.0420327733299841e-10,1.4736568804805125e-10,7.368284402402563e-11,1.4736568804805125e-10,7.368284402402563e-11,0.0,7.368284402402563e-11,1.4736568804805125e-10,"UEP is treated as the resulting signature of P0=P_corr+P_SACP+P_ICCP, not as an independent additive source."
shaft_modulation_n1,100.0,3000.0,far_field_R_ge_3L,3.0,baseline_quasi_static_with_optional_conservative_diffusion,range_equatorial_to_axial,2.210485320720769e-12,3.126098319989952e-12,4.420970641441538e-12,2.210485320720769e-12,4.420970641441538e-12,2.3817225255639385e-21,-30.45757490560675,2.210485320720769e-12,4.420970641441538e-12,Shaft-rate line is modulation of P0. The baseline column does not include exp(-R/delta); the conservative column is sensitivity only.
shaft_modulation_n2,100.0,3000.0,far_field_R_ge_3L,6.0,baseline_quasi_static_with_optional_conservative_diffusion,range_equatorial_to_axial,1.1052426603603844e-12,1.563049159994976e-12,2.210485320720769e-12,1.1052426603603844e-12,2.210485320720769e-12,2.2980585434052174e-25,-36.47817481888638,1.1052426603603844e-12,2.210485320720769e-12,Shaft-rate line is modulation of P0. The baseline column does not include exp(-R/delta); the conservative column is sensitivity only.
shaft_modulation_n3,100.0,3000.0,far_field_R_ge_3L,9.0,baseline_quasi_static_with_optional_conservative_diffusion,range_equatorial_to_axial,7.368284402402563e-13,1.042032773329984e-12,1.4736568804805126e-12,7.368284402402563e-13,1.4736568804805126e-12,2.162886205306305e-28,-40.0,7.368284402402563e-13,1.4736568804805126e-12,Shaft-rate line is modulation of P0. The baseline column does not include exp(-R/delta); the conservative column is sensitivity only.
shaft_modulation_n4,100.0,3000.0,far_field_R_ge_3L,12.0,baseline_quasi_static_with_optional_conservative_diffusion,range_equatorial_to_axial,5.526213301801922e-13,7.81524579997488e-13,1.1052426603603844e-12,5.526213301801922e-13,1.1052426603603844e-12,6.415561930681595e-31,-42.498774732166,5.526213301801922e-13,1.1052426603603844e-12,Shaft-rate line is modulation of P0. The baseline column does not include exp(-R/delta); the conservative column is sensitivity only.
shaft_modulation_n5,100.0,3000.0,far_field_R_ge_3L,15.0,baseline_quasi_static_with_optional_conservative_diffusion,range_equatorial_to_axial,4.4209706414415377e-13,6.252196639979904e-13,8.841941282883075e-13,4.4209706414415377e-13,8.841941282883075e-13,3.920688390359987e-33,-44.43697499232712,4.4209706414415377e-13,8.841941282883075e-13,Shaft-rate line is modulation of P0. The baseline column does not include exp(-R/delta); the conservative column is sensitivity only.
UEP_result_signature_static_P0,300.0,30.0,near_intermediate_estimate_R_lt_3L,0.0,baseline_quasi_static_far_field_dipole,range_equatorial_to_axial,0.00022104853207207686,0.0003126098319989952,0.0004420970641441537,0.00022104853207207686,0.0004420970641441537,0.00022104853207207686,0.0,0.00022104853207207686,0.0004420970641441537,"UEP is treated as the resulting signature of P0=P_corr+P_SACP+P_ICCP, not as an independent additive source."
shaft_modulation_n1,300.0,30.0,near_intermediate_estimate_R_lt_3L,3.0,baseline_quasi_static_with_optional_conservative_diffusion,range_equatorial_to_axial,6.631455962162305e-06,9.378294959969856e-06,1.326291192432461e-05,6.631455962162305e-06,1.326291192432461e-05,5.3942730402063506e-06,-30.45757490560675,6.631455962162305e-06,1.326291192432461e-05,Shaft-rate line is modulation of P0. The baseline column does not include exp(-R/delta); the conservative column is sensitivity only.
shaft_modulation_n2,300.0,30.0,near_intermediate_estimate_R_lt_3L,6.0,baseline_quasi_static_with_optional_conservative_diffusion,range_equatorial_to_axial,3.3157279810811526e-06,4.689147479984928e-06,6.631455962162305e-06,3.3157279810811526e-06,6.631455962162305e-06,2.476041553007662e-06,-36.47817481888638,3.3157279810811526e-06,6.631455962162305e-06,Shaft-rate line is modulation of P0. The baseline column does not include exp(-R/delta); the conservative column is sensitivity only.
shaft_modulation_n3,300.0,30.0,near_intermediate_estimate_R_lt_3L,9.0,baseline_quasi_static_with_optional_conservative_diffusion,range_equatorial_to_axial,2.2104853207207687e-06,3.126098319989952e-06,4.420970641441537e-06,2.2104853207207687e-06,4.420970641441537e-06,1.5458391715280945e-06,-40.0,2.2104853207207687e-06,4.420970641441537e-06,Shaft-rate line is modulation of P0. The baseline column does not include exp(-R/delta); the conservative column is sensitivity only.
shaft_modulation_n4,300.0,30.0,near_intermediate_estimate_R_lt_3L,12.0,baseline_quasi_static_with_optional_conservative_diffusion,range_equatorial_to_axial,1.6578639905405763e-06,2.344573739992464e-06,3.3157279810811526e-06,1.6578639905405763e-06,3.3157279810811526e-06,1.0969756037861507e-06,-42.498774732166,1.6578639905405763e-06,3.3157279810811526e-06,Shaft-rate line is modulation of P0. The baseline column does not include exp(-R/delta); the conservative column is sensitivity only.
shaft_modulation_n5,300.0,30.0,near_intermediate_estimate_R_lt_3L,15.0,baseline_quasi_static_with_optional_conservative_diffusion,range_equatorial_to_axial,1.326291192432461e-06,1.8756589919939712e-06,2.652582384864922e-06,1.326291192432461e-06,2.652582384864922e-06,8.358288020813413e-07,-44.43697499232712,1.326291192432461e-06,2.652582384864922e-06,Shaft-rate line is modulation of P0. The baseline column does not include exp(-R/delta); the conservative column is sensitivity only.
UEP_result_signature_static_P0,300.0,50.0,near_intermediate_estimate_R_lt_3L,0.0,baseline_quasi_static_far_field_dipole,range_equatorial_to_axial,4.77464829275686e-05,6.752372371178296e-05,9.54929658551372e-05,4.77464829275686e-05,9.54929658551372e-05,4.77464829275686e-05,0.0,4.77464829275686e-05,9.54929658551372e-05,"UEP is treated as the resulting signature of P0=P_corr+P_SACP+P_ICCP, not as an independent additive source."
shaft_modulation_n1,300.0,50.0,near_intermediate_estimate_R_lt_3L,3.0,baseline_quasi_static_with_optional_conservative_diffusion,range_equatorial_to_axial,1.432394487827058e-06,2.0257117113534886e-06,2.864788975654116e-06,1.432394487827058e-06,2.864788975654116e-06,1.0153194361034831e-06,-30.45757490560675,1.432394487827058e-06,2.864788975654116e-06,Shaft-rate line is modulation of P0. The baseline column does not include exp(-R/delta); the conservative column is sensitivity only.
shaft_modulation_n2,300.0,50.0,near_intermediate_estimate_R_lt_3L,6.0,baseline_quasi_static_with_optional_conservative_diffusion,range_equatorial_to_axial,7.16197243913529e-07,1.0128558556767443e-06,1.432394487827058e-06,7.16197243913529e-07,1.432394487827058e-06,4.4021452646105025e-07,-36.47817481888638,7.16197243913529e-07,1.432394487827058e-06,Shaft-rate line is modulation of P0. The baseline column does not include exp(-R/delta); the conservative column is sensitivity only.
shaft_modulation_n3,300.0,50.0,near_intermediate_estimate_R_lt_3L,9.0,baseline_quasi_static_with_optional_conservative_diffusion,range_equatorial_to_axial,4.77464829275686e-07,6.752372371178297e-07,9.54929658551372e-07,4.77464829275686e-07,9.54929658551372e-07,2.63068697499922e-07,-40.0,4.77464829275686e-07,9.54929658551372e-07,Shaft-rate line is modulation of P0. The baseline column does not include exp(-R/delta); the conservative column is sensitivity only.
shaft_modulation_n4,300.0,50.0,near_intermediate_estimate_R_lt_3L,12.0,baseline_quasi_static_with_optional_conservative_diffusion,range_equatorial_to_axial,3.580986219567645e-07,5.064279278383722e-07,7.16197243913529e-07,3.580986219567645e-07,7.16197243913529e-07,1.799213774714621e-07,-42.498774732166,3.580986219567645e-07,7.16197243913529e-07,Shaft-rate line is modulation of P0. The baseline column does not include exp(-R/delta); the conservative column is sensitivity only.
shaft_modulation_n5,300.0,50.0,near_intermediate_estimate_R_lt_3L,15.0,baseline_quasi_static_with_optional_conservative_diffusion,range_equatorial_to_axial,2.864788975654116e-07,4.0514234227069777e-07,5.729577951308232e-07,2.864788975654116e-07,5.729577951308232e-07,1.3270584397653662e-07,-44.43697499232712,2.864788975654116e-07,5.729577951308232e-07,Shaft-rate line is modulation of P0. The baseline column does not include exp(-R/delta); the conservative column is sensitivity only.
UEP_result_signature_static_P0,300.0,100.0,near_intermediate_estimate_R_lt_3L,0.0,baseline_quasi_static_far_field_dipole,range_equatorial_to_axial,5.968310365946075e-06,8.44046546397287e-06,1.193662073189215e-05,5.968310365946075e-06,1.193662073189215e-05,5.968310365946075e-06,0.0,5.968310365946075e-06,1.193662073189215e-05,"UEP is treated as the resulting signature of P0=P_corr+P_SACP+P_ICCP, not as an independent additive source."
shaft_modulation_n1,300.0,100.0,near_intermediate_estimate_R_lt_3L,3.0,baseline_quasi_static_with_optional_conservative_diffusion,range_equatorial_to_axial,1.7904931097838226e-07,2.532139639191861e-07,3.580986219567645e-07,1.7904931097838226e-07,3.580986219567645e-07,8.996068873573104e-08,-30.45757490560675,1.7904931097838226e-07,3.580986219567645e-07,Shaft-rate line is modulation of P0. The baseline column does not include exp(-R/delta); the conservative column is sensitivity only.
shaft_modulation_n2,300.0,100.0,near_intermediate_estimate_R_lt_3L,6.0,baseline_quasi_static_with_optional_conservative_diffusion,range_equatorial_to_axial,8.952465548919113e-08,1.2660698195959304e-07,1.7904931097838226e-07,8.952465548919113e-08,1.7904931097838226e-07,3.382253124998133e-08,-36.47817481888638,8.952465548919113e-08,1.7904931097838226e-07,Shaft-rate line is modulation of P0. The baseline column does not include exp(-R/delta); the conservative column is sensitivity only.
shaft_modulation_n3,300.0,100.0,near_intermediate_estimate_R_lt_3L,9.0,baseline_quasi_static_with_optional_conservative_diffusion,range_equatorial_to_axial,5.968310365946075e-08,8.440465463972871e-08,1.193662073189215e-07,5.968310365946075e-08,1.193662073189215e-07,1.8117863180961843e-08,-40.0,5.968310365946075e-08,1.193662073189215e-07,Shaft-rate line is modulation of P0. The baseline column does not include exp(-R/delta); the conservative column is sensitivity only.
shaft_modulation_n4,300.0,100.0,near_intermediate_estimate_R_lt_3L,12.0,baseline_quasi_static_with_optional_conservative_diffusion,range_equatorial_to_axial,4.4762327744595564e-08,6.330349097979652e-08,8.952465548919113e-08,4.4762327744595564e-08,8.952465548919113e-08,1.129985571235205e-08,-42.498774732166,4.4762327744595564e-08,8.952465548919113e-08,Shaft-rate line is modulation of P0. The baseline column does not include exp(-R/delta); the conservative column is sensitivity only.
shaft_modulation_n5,300.0,100.0,near_intermediate_estimate_R_lt_3L,15.0,baseline_quasi_static_with_optional_conservative_diffusion,range_equatorial_to_axial,3.580986219567645e-08,5.064279278383722e-08,7.16197243913529e-08,3.580986219567645e-08,7.16197243913529e-08,7.6841789985176e-09,-44.43697499232712,3.580986219567645e-08,7.16197243913529e-08,Shaft-rate line is modulation of P0. The baseline column does not include exp(-R/delta); the conservative column is sensitivity only.
UEP_result_signature_static_P0,300.0,300.0,far_field_R_ge_3L,0.0,baseline_quasi_static_far_field_dipole,range_equatorial_to_axial,2.2104853207207685e-07,3.1260983199899517e-07,4.420970641441537e-07,2.2104853207207685e-07,4.420970641441537e-07,2.2104853207207685e-07,0.0,2.2104853207207685e-07,4.420970641441537e-07,"UEP is treated as the resulting signature of P0=P_corr+P_SACP+P_ICCP, not as an independent additive source."
shaft_modulation_n1,300.0,300.0,far_field_R_ge_3L,3.0,baseline_quasi_static_with_optional_conservative_diffusion,range_equatorial_to_axial,6.631455962162305e-09,9.378294959969854e-09,1.326291192432461e-08,6.631455962162305e-09,1.326291192432461e-08,8.411031177971253e-10,-30.45757490560675,6.631455962162305e-09,1.326291192432461e-08,Shaft-rate line is modulation of P0. The baseline column does not include exp(-R/delta); the conservative column is sensitivity only.
shaft_modulation_n2,300.0,300.0,far_field_R_ge_3L,6.0,baseline_quasi_static_with_optional_conservative_diffusion,range_equatorial_to_axial,3.3157279810811525e-09,4.689147479984927e-09,6.631455962162305e-09,3.3157279810811525e-09,6.631455962162305e-09,1.7880071005315416e-10,-36.47817481888638,3.3157279810811525e-09,6.631455962162305e-09,Shaft-rate line is modulation of P0. The baseline column does not include exp(-R/delta); the conservative column is sensitivity only.
shaft_modulation_n3,300.0,300.0,far_field_R_ge_3L,9.0,baseline_quasi_static_with_optional_conservative_diffusion,range_equatorial_to_axial,2.2104853207207685e-09,3.126098319989952e-09,4.420970641441537e-09,2.2104853207207685e-09,4.420970641441537e-09,6.183784754618203e-11,-40.0,2.2104853207207685e-09,4.420970641441537e-09,Shaft-rate line is modulation of P0. The baseline column does not include exp(-R/delta); the conservative column is sensitivity only.
shaft_modulation_n4,300.0,300.0,far_field_R_ge_3L,12.0,baseline_quasi_static_with_optional_conservative_diffusion,range_equatorial_to_axial,1.6578639905405763e-09,2.3445737399924636e-09,3.3157279810811525e-09,1.6578639905405763e-09,3.3157279810811525e-09,2.6670404614183955e-11,-42.498774732166,1.6578639905405763e-09,3.3157279810811525e-09,Shaft-rate line is modulation of P0. The baseline column does not include exp(-R/delta); the conservative column is sensitivity only.
shaft_modulation_n5,300.0,300.0,far_field_R_ge_3L,15.0,baseline_quasi_static_with_optional_conservative_diffusion,range_equatorial_to_axial,1.3262911924324612e-09,1.875658991993971e-09,2.6525823848649224e-09,1.3262911924324612e-09,2.6525823848649224e-09,1.3104587505842967e-11,-44.43697499232712,1.3262911924324612e-09,2.6525823848649224e-09,Shaft-rate line is modulation of P0. The baseline column does not include exp(-R/delta); the conservative column is sensitivity only.
UEP_result_signature_static_P0,300.0,500.0,far_field_R_ge_3L,0.0,baseline_quasi_static_far_field_dipole,range_equatorial_to_axial,4.77464829275686e-08,6.752372371178295e-08,9.54929658551372e-08,4.77464829275686e-08,9.54929658551372e-08,4.77464829275686e-08,0.0,4.77464829275686e-08,9.54929658551372e-08,"UEP is treated as the resulting signature of P0=P_corr+P_SACP+P_ICCP, not as an independent additive source."
shaft_modulation_n1,300.0,500.0,far_field_R_ge_3L,3.0,baseline_quasi_static_with_optional_conservative_diffusion,range_equatorial_to_axial,1.432394487827058e-09,2.0257117113534883e-09,2.864788975654116e-09,1.432394487827058e-09,2.864788975654116e-09,4.586308128795489e-11,-30.45757490560675,1.432394487827058e-09,2.864788975654116e-09,Shaft-rate line is modulation of P0. The baseline column does not include exp(-R/delta); the conservative column is sensitivity only.
shaft_modulation_n2,300.0,500.0,far_field_R_ge_3L,6.0,baseline_quasi_static_with_optional_conservative_diffusion,range_equatorial_to_axial,7.16197243913529e-10,1.0128558556767442e-09,1.432394487827058e-09,7.16197243913529e-10,1.432394487827058e-09,5.51251630273442e-12,-36.47817481888638,7.16197243913529e-10,1.432394487827058e-09,Shaft-rate line is modulation of P0. The baseline column does not include exp(-R/delta); the conservative column is sensitivity only.
shaft_modulation_n3,300.0,500.0,far_field_R_ge_3L,9.0,baseline_quasi_static_with_optional_conservative_diffusion,range_equatorial_to_axial,4.77464829275686e-10,6.752372371178295e-10,9.54929658551372e-10,4.77464829275686e-10,9.54929658551372e-10,1.2308900699132474e-12,-40.0,4.77464829275686e-10,9.54929658551372e-10,Shaft-rate line is modulation of P0. The baseline column does not include exp(-R/delta); the conservative column is sensitivity only.
shaft_modulation_n4,300.0,500.0,far_field_R_ge_3L,12.0,baseline_quasi_static_with_optional_conservative_diffusion,range_equatorial_to_axial,3.580986219567645e-10,5.064279278383721e-10,7.16197243913529e-10,3.580986219567645e-10,7.16197243913529e-10,3.6711643389811727e-13,-42.498774732166,3.580986219567645e-10,7.16197243913529e-10,Shaft-rate line is modulation of P0. The baseline column does not include exp(-R/delta); the conservative column is sensitivity only.
shaft_modulation_n5,300.0,500.0,far_field_R_ge_3L,15.0,baseline_quasi_static_with_optional_conservative_diffusion,range_equatorial_to_axial,2.864788975654116e-10,4.0514234227069773e-10,5.729577951308232e-10,2.864788975654116e-10,5.729577951308232e-10,1.303367095537039e-13,-44.43697499232712,2.864788975654116e-10,5.729577951308232e-10,Shaft-rate line is modulation of P0. The baseline column does not include exp(-R/delta); the conservative column is sensitivity only.
UEP_result_signature_static_P0,300.0,1000.0,far_field_R_ge_3L,0.0,baseline_quasi_static_far_field_dipole,range_equatorial_to_axial,5.968310365946075e-09,8.440465463972869e-09,1.193662073189215e-08,5.968310365946075e-09,1.193662073189215e-08,5.968310365946075e-09,0.0,5.968310365946075e-09,1.193662073189215e-08,"UEP is treated as the resulting signature of P0=P_corr+P_SACP+P_ICCP, not as an independent additive source."
shaft_modulation_n1,300.0,1000.0,far_field_R_ge_3L,3.0,baseline_quasi_static_with_optional_conservative_diffusion,range_equatorial_to_axial,1.7904931097838224e-10,2.5321396391918604e-10,3.580986219567645e-10,1.7904931097838224e-10,3.580986219567645e-10,1.8355821694905863e-13,-30.45757490560675,1.7904931097838224e-10,3.580986219567645e-10,Shaft-rate line is modulation of P0. The baseline column does not include exp(-R/delta); the conservative column is sensitivity only.
shaft_modulation_n2,300.0,1000.0,far_field_R_ge_3L,6.0,baseline_quasi_static_with_optional_conservative_diffusion,range_equatorial_to_axial,8.952465548919112e-11,1.2660698195959302e-10,1.7904931097838224e-10,8.952465548919112e-11,1.7904931097838224e-10,5.303677905451016e-15,-36.47817481888638,8.952465548919112e-11,1.7904931097838224e-10,Shaft-rate line is modulation of P0. The baseline column does not include exp(-R/delta); the conservative column is sensitivity only.
shaft_modulation_n3,300.0,1000.0,far_field_R_ge_3L,9.0,baseline_quasi_static_with_optional_conservative_diffusion,range_equatorial_to_axial,5.968310365946076e-11,8.440465463972869e-11,1.193662073189215e-10,5.968310365946076e-11,1.193662073189215e-10,3.966497298108404e-16,-40.0,5.968310365946076e-11,1.193662073189215e-10,Shaft-rate line is modulation of P0. The baseline column does not include exp(-R/delta); the conservative column is sensitivity only.
shaft_modulation_n4,300.0,1000.0,far_field_R_ge_3L,12.0,baseline_quasi_static_with_optional_conservative_diffusion,range_equatorial_to_axial,4.476232774459556e-11,6.330349097979651e-11,8.952465548919112e-11,4.476232774459556e-11,8.952465548919112e-11,4.7045167090290713e-17,-42.498774732166,4.476232774459556e-11,8.952465548919112e-11,Shaft-rate line is modulation of P0. The baseline column does not include exp(-R/delta); the conservative column is sensitivity only.
shaft_modulation_n5,300.0,1000.0,far_field_R_ge_3L,15.0,baseline_quasi_static_with_optional_conservative_diffusion,range_equatorial_to_axial,3.580986219567645e-11,5.0642792783837216e-11,7.16197243913529e-11,3.580986219567645e-11,7.16197243913529e-11,7.412264045298392e-18,-44.43697499232712,3.580986219567645e-11,7.16197243913529e-11,Shaft-rate line is modulation of P0. The baseline column does not include exp(-R/delta); the conservative column is sensitivity only.
UEP_result_signature_static_P0,300.0,3000.0,far_field_R_ge_3L,0.0,baseline_quasi_static_far_field_dipole,range_equatorial_to_axial,2.2104853207207688e-10,3.126098319989952e-10,4.4209706414415376e-10,2.2104853207207688e-10,4.4209706414415376e-10,2.2104853207207688e-10,0.0,2.2104853207207688e-10,4.4209706414415376e-10,"UEP is treated as the resulting signature of P0=P_corr+P_SACP+P_ICCP, not as an independent additive source."
shaft_modulation_n1,300.0,3000.0,far_field_R_ge_3L,3.0,baseline_quasi_static_with_optional_conservative_diffusion,range_equatorial_to_axial,6.6314559621623065e-12,9.378294959969857e-12,1.3262911924324613e-11,6.6314559621623065e-12,1.3262911924324613e-11,7.145167576691815e-21,-30.45757490560675,6.6314559621623065e-12,1.3262911924324613e-11,Shaft-rate line is modulation of P0. The baseline column does not include exp(-R/delta); the conservative column is sensitivity only.
shaft_modulation_n2,300.0,3000.0,far_field_R_ge_3L,6.0,baseline_quasi_static_with_optional_conservative_diffusion,range_equatorial_to_axial,3.3157279810811533e-12,4.689147479984928e-12,6.6314559621623065e-12,3.3157279810811533e-12,6.6314559621623065e-12,6.894175630215651e-25,-36.47817481888638,3.3157279810811533e-12,6.6314559621623065e-12,Shaft-rate line is modulation of P0. The baseline column does not include exp(-R/delta); the conservative column is sensitivity only.
shaft_modulation_n3,300.0,3000.0,far_field_R_ge_3L,9.0,baseline_quasi_static_with_optional_conservative_diffusion,range_equatorial_to_axial,2.210485320720769e-12,3.126098319989952e-12,4.420970641441538e-12,2.210485320720769e-12,4.420970641441538e-12,6.488658615918915e-28,-40.0,2.210485320720769e-12,4.420970641441538e-12,Shaft-rate line is modulation of P0. The baseline column does not include exp(-R/delta); the conservative column is sensitivity only.
shaft_modulation_n4,300.0,3000.0,far_field_R_ge_3L,12.0,baseline_quasi_static_with_optional_conservative_diffusion,range_equatorial_to_axial,1.6578639905405766e-12,2.344573739992464e-12,3.3157279810811533e-12,1.6578639905405766e-12,3.3157279810811533e-12,1.9246685792044785e-30,-42.498774732166,1.6578639905405766e-12,3.3157279810811533e-12,Shaft-rate line is modulation of P0. The baseline column does not include exp(-R/delta); the conservative column is sensitivity only.
shaft_modulation_n5,300.0,3000.0,far_field_R_ge_3L,15.0,baseline_quasi_static_with_optional_conservative_diffusion,range_equatorial_to_axial,1.3262911924324613e-12,1.8756589919939712e-12,2.6525823848649226e-12,1.3262911924324613e-12,2.6525823848649226e-12,1.176206517107996e-32,-44.43697499232712,1.3262911924324613e-12,2.6525823848649226e-12,Shaft-rate line is modulation of P0. The baseline column does not include exp(-R/delta); the conservative column is sensitivity only.
UEP_result_signature_static_P0,1000.0,30.0,near_intermediate_estimate_R_lt_3L,0.0,baseline_quasi_static_far_field_dipole,range_equatorial_to_axial,0.0007368284402402562,0.0010420327733299838,0.0014736568804805123,0.0007368284402402562,0.0014736568804805123,0.0007368284402402562,0.0,0.0007368284402402562,0.0014736568804805123,"UEP is treated as the resulting signature of P0=P_corr+P_SACP+P_ICCP, not as an independent additive source."
shaft_modulation_n1,1000.0,30.0,near_intermediate_estimate_R_lt_3L,3.0,baseline_quasi_static_with_optional_conservative_diffusion,range_equatorial_to_axial,2.2104853207207685e-05,3.1260983199899516e-05,4.420970641441537e-05,2.2104853207207685e-05,4.420970641441537e-05,1.7980910134021168e-05,-30.45757490560675,2.2104853207207685e-05,4.420970641441537e-05,Shaft-rate line is modulation of P0. The baseline column does not include exp(-R/delta); the conservative column is sensitivity only.
shaft_modulation_n2,1000.0,30.0,near_intermediate_estimate_R_lt_3L,6.0,baseline_quasi_static_with_optional_conservative_diffusion,range_equatorial_to_axial,1.1052426603603842e-05,1.5630491599949758e-05,2.2104853207207685e-05,1.1052426603603842e-05,2.2104853207207685e-05,8.253471843358875e-06,-36.47817481888638,1.1052426603603842e-05,2.2104853207207685e-05,Shaft-rate line is modulation of P0. The baseline column does not include exp(-R/delta); the conservative column is sensitivity only.
shaft_modulation_n3,1000.0,30.0,near_intermediate_estimate_R_lt_3L,9.0,baseline_quasi_static_with_optional_conservative_diffusion,range_equatorial_to_axial,7.368284402402562e-06,1.042032773329984e-05,1.4736568804805124e-05,7.368284402402562e-06,1.4736568804805124e-05,5.152797238426981e-06,-40.0,7.368284402402562e-06,1.4736568804805124e-05,Shaft-rate line is modulation of P0. The baseline column does not include exp(-R/delta); the conservative column is sensitivity only.
shaft_modulation_n4,1000.0,30.0,near_intermediate_estimate_R_lt_3L,12.0,baseline_quasi_static_with_optional_conservative_diffusion,range_equatorial_to_axial,5.526213301801921e-06,7.815245799974879e-06,1.1052426603603842e-05,5.526213301801921e-06,1.1052426603603842e-05,3.656585345953836e-06,-42.498774732166,5.526213301801921e-06,1.1052426603603842e-05,Shaft-rate line is modulation of P0. The baseline column does not include exp(-R/delta); the conservative column is sensitivity only.
shaft_modulation_n5,1000.0,30.0,near_intermediate_estimate_R_lt_3L,15.0,baseline_quasi_static_with_optional_conservative_diffusion,range_equatorial_to_axial,4.420970641441537e-06,6.252196639979903e-06,8.841941282883075e-06,4.420970641441537e-06,8.841941282883075e-06,2.786096006937805e-06,-44.43697499232712,4.420970641441537e-06,8.841941282883075e-06,Shaft-rate line is modulation of P0. The baseline column does not include exp(-R/delta); the conservative column is sensitivity only.
UEP_result_signature_static_P0,1000.0,50.0,near_intermediate_estimate_R_lt_3L,0.0,baseline_quasi_static_far_field_dipole,range_equatorial_to_axial,0.00015915494309189535,0.00022507907903927655,0.0003183098861837907,0.00015915494309189535,0.0003183098861837907,0.00015915494309189535,0.0,0.00015915494309189535,0.0003183098861837907,"UEP is treated as the resulting signature of P0=P_corr+P_SACP+P_ICCP, not as an independent additive source."
shaft_modulation_n1,1000.0,50.0,near_intermediate_estimate_R_lt_3L,3.0,baseline_quasi_static_with_optional_conservative_diffusion,range_equatorial_to_axial,4.774648292756861e-06,6.752372371178296e-06,9.549296585513721e-06,4.774648292756861e-06,9.549296585513721e-06,3.3843981203449437e-06,-30.45757490560675,4.774648292756861e-06,9.549296585513721e-06,Shaft-rate line is modulation of P0. The baseline column does not include exp(-R/delta); the conservative column is sensitivity only.
shaft_modulation_n2,1000.0,50.0,near_intermediate_estimate_R_lt_3L,6.0,baseline_quasi_static_with_optional_conservative_diffusion,range_equatorial_to_axial,2.3873241463784303e-06,3.376186185589148e-06,4.774648292756861e-06,2.3873241463784303e-06,4.774648292756861e-06,1.4673817548701675e-06,-36.47817481888637,2.3873241463784303e-06,4.774648292756861e-06,Shaft-rate line is modulation of P0. The baseline column does not include exp(-R/delta); the conservative column is sensitivity only.
shaft_modulation_n3,1000.0,50.0,near_intermediate_estimate_R_lt_3L,9.0,baseline_quasi_static_with_optional_conservative_diffusion,range_equatorial_to_axial,1.5915494309189535e-06,2.2507907903927657e-06,3.183098861837907e-06,1.5915494309189535e-06,3.183098861837907e-06,8.768956583330734e-07,-40.0,1.5915494309189535e-06,3.183098861837907e-06,Shaft-rate line is modulation of P0. The baseline column does not include exp(-R/delta); the conservative column is sensitivity only.
shaft_modulation_n4,1000.0,50.0,near_intermediate_estimate_R_lt_3L,12.0,baseline_quasi_static_with_optional_conservative_diffusion,range_equatorial_to_axial,1.1936620731892152e-06,1.688093092794574e-06,2.3873241463784303e-06,1.1936620731892152e-06,2.3873241463784303e-06,5.997379249048737e-07,-42.498774732166,1.1936620731892152e-06,2.3873241463784303e-06,Shaft-rate line is modulation of P0. The baseline column does not include exp(-R/delta); the conservative column is sensitivity only.
shaft_modulation_n5,1000.0,50.0,near_intermediate_estimate_R_lt_3L,15.0,baseline_quasi_static_with_optional_conservative_diffusion,range_equatorial_to_axial,9.54929658551372e-07,1.3504744742356594e-06,1.909859317102744e-06,9.54929658551372e-07,1.909859317102744e-06,4.423528132551221e-07,-44.43697499232713,9.54929658551372e-07,1.909859317102744e-06,Shaft-rate line is modulation of P0. The baseline column does not include exp(-R/delta); the conservative column is sensitivity only.
UEP_result_signature_static_P0,1000.0,100.0,near_intermediate_estimate_R_lt_3L,0.0,baseline_quasi_static_far_field_dipole,range_equatorial_to_axial,1.989436788648692e-05,2.813488487990957e-05,3.978873577297384e-05,1.989436788648692e-05,3.978873577297384e-05,1.989436788648692e-05,0.0,1.989436788648692e-05,3.978873577297384e-05,"UEP is treated as the resulting signature of P0=P_corr+P_SACP+P_ICCP, not as an independent additive source."
shaft_modulation_n1,1000.0,100.0,near_intermediate_estimate_R_lt_3L,3.0,baseline_quasi_static_with_optional_conservative_diffusion,range_equatorial_to_axial,5.968310365946076e-07,8.44046546397287e-07,1.1936620731892152e-06,5.968310365946076e-07,1.1936620731892152e-06,2.9986896245243687e-07,-30.45757490560675,5.968310365946076e-07,1.1936620731892152e-06,Shaft-rate line is modulation of P0. The baseline column does not include exp(-R/delta); the conservative column is sensitivity only.
shaft_modulation_n2,1000.0,100.0,near_intermediate_estimate_R_lt_3L,6.0,baseline_quasi_static_with_optional_conservative_diffusion,range_equatorial_to_axial,2.984155182973038e-07,4.220232731986435e-07,5.968310365946076e-07,2.984155182973038e-07,5.968310365946076e-07,1.127417708332711e-07,-36.47817481888637,2.984155182973038e-07,5.968310365946076e-07,Shaft-rate line is modulation of P0. The baseline column does not include exp(-R/delta); the conservative column is sensitivity only.
shaft_modulation_n3,1000.0,100.0,near_intermediate_estimate_R_lt_3L,9.0,baseline_quasi_static_with_optional_conservative_diffusion,range_equatorial_to_axial,1.989436788648692e-07,2.813488487990957e-07,3.978873577297384e-07,1.989436788648692e-07,3.978873577297384e-07,6.039287726987282e-08,-40.0,1.989436788648692e-07,3.978873577297384e-07,Shaft-rate line is modulation of P0. The baseline column does not include exp(-R/delta); the conservative column is sensitivity only.
shaft_modulation_n4,1000.0,100.0,near_intermediate_estimate_R_lt_3L,12.0,baseline_quasi_static_with_optional_conservative_diffusion,range_equatorial_to_axial,1.492077591486519e-07,2.1101163659932175e-07,2.984155182973038e-07,1.492077591486519e-07,2.984155182973038e-07,3.7666185707840166e-08,-42.498774732166,1.492077591486519e-07,2.984155182973038e-07,Shaft-rate line is modulation of P0. The baseline column does not include exp(-R/delta); the conservative column is sensitivity only.
shaft_modulation_n5,1000.0,100.0,near_intermediate_estimate_R_lt_3L,15.0,baseline_quasi_static_with_optional_conservative_diffusion,range_equatorial_to_axial,1.193662073189215e-07,1.6880930927945742e-07,2.38732414637843e-07,1.193662073189215e-07,2.38732414637843e-07,2.5613929995058662e-08,-44.43697499232713,1.193662073189215e-07,2.38732414637843e-07,Shaft-rate line is modulation of P0. The baseline column does not include exp(-R/delta); the conservative column is sensitivity only.
UEP_result_signature_static_P0,1000.0,300.0,far_field_R_ge_3L,0.0,baseline_quasi_static_far_field_dipole,range_equatorial_to_axial,7.368284402402562e-07,1.0420327733299838e-06,1.4736568804805123e-06,7.368284402402562e-07,1.4736568804805123e-06,7.368284402402562e-07,0.0,7.368284402402562e-07,1.4736568804805123e-06,"UEP is treated as the resulting signature of P0=P_corr+P_SACP+P_ICCP, not as an independent additive source."
shaft_modulation_n1,1000.0,300.0,far_field_R_ge_3L,3.0,baseline_quasi_static_with_optional_conservative_diffusion,range_equatorial_to_axial,2.2104853207207683e-08,3.126098319989951e-08,4.4209706414415365e-08,2.2104853207207683e-08,4.4209706414415365e-08,2.803677059323751e-09,-30.45757490560675,2.2104853207207683e-08,4.4209706414415365e-08,Shaft-rate line is modulation of P0. The baseline column does not include exp(-R/delta); the conservative column is sensitivity only.
shaft_modulation_n2,1000.0,300.0,far_field_R_ge_3L,6.0,baseline_quasi_static_with_optional_conservative_diffusion,range_equatorial_to_axial,1.1052426603603841e-08,1.5630491599949757e-08,2.2104853207207683e-08,1.1052426603603841e-08,2.2104853207207683e-08,5.960023668438472e-10,-36.47817481888638,1.1052426603603841e-08,2.2104853207207683e-08,Shaft-rate line is modulation of P0. The baseline column does not include exp(-R/delta); the conservative column is sensitivity only.
shaft_modulation_n3,1000.0,300.0,far_field_R_ge_3L,9.0,baseline_quasi_static_with_optional_conservative_diffusion,range_equatorial_to_axial,7.368284402402562e-09,1.0420327733299838e-08,1.4736568804805123e-08,7.368284402402562e-09,1.4736568804805123e-08,2.0612615848727342e-10,-40.0,7.368284402402562e-09,1.4736568804805123e-08,Shaft-rate line is modulation of P0. The baseline column does not include exp(-R/delta); the conservative column is sensitivity only.
shaft_modulation_n4,1000.0,300.0,far_field_R_ge_3L,12.0,baseline_quasi_static_with_optional_conservative_diffusion,range_equatorial_to_axial,5.526213301801921e-09,7.815245799974878e-09,1.1052426603603841e-08,5.526213301801921e-09,1.1052426603603841e-08,8.89013487139465e-11,-42.498774732166,5.526213301801921e-09,1.1052426603603841e-08,Shaft-rate line is modulation of P0. The baseline column does not include exp(-R/delta); the conservative column is sensitivity only.
shaft_modulation_n5,1000.0,300.0,far_field_R_ge_3L,15.0,baseline_quasi_static_with_optional_conservative_diffusion,range_equatorial_to_axial,4.420970641441537e-09,6.252196639979903e-09,8.841941282883074e-09,4.420970641441537e-09,8.841941282883074e-09,4.3681958352809887e-11,-44.43697499232712,4.420970641441537e-09,8.841941282883074e-09,Shaft-rate line is modulation of P0. The baseline column does not include exp(-R/delta); the conservative column is sensitivity only.
UEP_result_signature_static_P0,1000.0,500.0,far_field_R_ge_3L,0.0,baseline_quasi_static_far_field_dipole,range_equatorial_to_axial,1.5915494309189535e-07,2.2507907903927652e-07,3.183098861837907e-07,1.5915494309189535e-07,3.183098861837907e-07,1.5915494309189535e-07,0.0,1.5915494309189535e-07,3.183098861837907e-07,"UEP is treated as the resulting signature of P0=P_corr+P_SACP+P_ICCP, not as an independent additive source."
shaft_modulation_n1,1000.0,500.0,far_field_R_ge_3L,3.0,baseline_quasi_static_with_optional_conservative_diffusion,range_equatorial_to_axial,4.77464829275686e-09,6.7523723711782955e-09,9.54929658551372e-09,4.77464829275686e-09,9.54929658551372e-09,1.5287693762651632e-10,-30.45757490560675,4.77464829275686e-09,9.54929658551372e-09,Shaft-rate line is modulation of P0. The baseline column does not include exp(-R/delta); the conservative column is sensitivity only.
shaft_modulation_n2,1000.0,500.0,far_field_R_ge_3L,6.0,baseline_quasi_static_with_optional_conservative_diffusion,range_equatorial_to_axial,2.38732414637843e-09,3.3761861855891478e-09,4.77464829275686e-09,2.38732414637843e-09,4.77464829275686e-09,1.837505434244807e-11,-36.47817481888638,2.38732414637843e-09,4.77464829275686e-09,Shaft-rate line is modulation of P0. The baseline column does not include exp(-R/delta); the conservative column is sensitivity only.
shaft_modulation_n3,1000.0,500.0,far_field_R_ge_3L,9.0,baseline_quasi_static_with_optional_conservative_diffusion,range_equatorial_to_axial,1.5915494309189535e-09,2.250790790392765e-09,3.183098861837907e-09,1.5915494309189535e-09,3.183098861837907e-09,4.102966899710825e-12,-40.0,1.5915494309189535e-09,3.183098861837907e-09,Shaft-rate line is modulation of P0. The baseline column does not include exp(-R/delta); the conservative column is sensitivity only.
shaft_modulation_n4,1000.0,500.0,far_field_R_ge_3L,12.0,baseline_quasi_static_with_optional_conservative_diffusion,range_equatorial_to_axial,1.193662073189215e-09,1.6880930927945739e-09,2.38732414637843e-09,1.193662073189215e-09,2.38732414637843e-09,1.2237214463270576e-12,-42.498774732166,1.193662073189215e-09,2.38732414637843e-09,Shaft-rate line is modulation of P0. The baseline column does not include exp(-R/delta); the conservative column is sensitivity only.
shaft_modulation_n5,1000.0,500.0,far_field_R_ge_3L,15.0,baseline_quasi_static_with_optional_conservative_diffusion,range_equatorial_to_axial,9.54929658551372e-10,1.350474474235659e-09,1.909859317102744e-09,9.54929658551372e-10,1.909859317102744e-09,4.344556985123464e-13,-44.43697499232712,9.54929658551372e-10,1.909859317102744e-09,Shaft-rate line is modulation of P0. The baseline column does not include exp(-R/delta); the conservative column is sensitivity only.
UEP_result_signature_static_P0,1000.0,1000.0,far_field_R_ge_3L,0.0,baseline_quasi_static_far_field_dipole,range_equatorial_to_axial,1.989436788648692e-08,2.8134884879909565e-08,3.978873577297384e-08,1.989436788648692e-08,3.978873577297384e-08,1.989436788648692e-08,0.0,1.989436788648692e-08,3.978873577297384e-08,"UEP is treated as the resulting signature of P0=P_corr+P_SACP+P_ICCP, not as an independent additive source."
shaft_modulation_n1,1000.0,1000.0,far_field_R_ge_3L,3.0,baseline_quasi_static_with_optional_conservative_diffusion,range_equatorial_to_axial,5.968310365946075e-10,8.440465463972869e-10,1.193662073189215e-09,5.968310365946075e-10,1.193662073189215e-09,6.118607231635288e-13,-30.45757490560675,5.968310365946075e-10,1.193662073189215e-09,Shaft-rate line is modulation of P0. The baseline column does not include exp(-R/delta); the conservative column is sensitivity only.
shaft_modulation_n2,1000.0,1000.0,far_field_R_ge_3L,6.0,baseline_quasi_static_with_optional_conservative_diffusion,range_equatorial_to_axial,2.9841551829730376e-10,4.2202327319864347e-10,5.968310365946075e-10,2.9841551829730376e-10,5.968310365946075e-10,1.7678926351503385e-14,-36.47817481888638,2.9841551829730376e-10,5.968310365946075e-10,Shaft-rate line is modulation of P0. The baseline column does not include exp(-R/delta); the conservative column is sensitivity only.
shaft_modulation_n3,1000.0,1000.0,far_field_R_ge_3L,9.0,baseline_quasi_static_with_optional_conservative_diffusion,range_equatorial_to_axial,1.989436788648692e-10,2.8134884879909563e-10,3.978873577297384e-10,1.989436788648692e-10,3.978873577297384e-10,1.3221657660361348e-15,-40.0,1.989436788648692e-10,3.978873577297384e-10,Shaft-rate line is modulation of P0. The baseline column does not include exp(-R/delta); the conservative column is sensitivity only.
shaft_modulation_n4,1000.0,1000.0,far_field_R_ge_3L,12.0,baseline_quasi_static_with_optional_conservative_diffusion,range_equatorial_to_axial,1.4920775914865188e-10,2.1101163659932174e-10,2.9841551829730376e-10,1.4920775914865188e-10,2.9841551829730376e-10,1.568172236343024e-16,-42.498774732166,1.4920775914865188e-10,2.9841551829730376e-10,Shaft-rate line is modulation of P0. The baseline column does not include exp(-R/delta); the conservative column is sensitivity only.
shaft_modulation_n5,1000.0,1000.0,far_field_R_ge_3L,15.0,baseline_quasi_static_with_optional_conservative_diffusion,range_equatorial_to_axial,1.193662073189215e-10,1.6880930927945738e-10,2.38732414637843e-10,1.193662073189215e-10,2.38732414637843e-10,2.470754681766131e-17,-44.43697499232712,1.193662073189215e-10,2.38732414637843e-10,Shaft-rate line is modulation of P0. The baseline column does not include exp(-R/delta); the conservative column is sensitivity only.
UEP_result_signature_static_P0,1000.0,3000.0,far_field_R_ge_3L,0.0,baseline_quasi_static_far_field_dipole,range_equatorial_to_axial,7.368284402402563e-10,1.042032773329984e-09,1.4736568804805125e-09,7.368284402402563e-10,1.4736568804805125e-09,7.368284402402563e-10,0.0,7.368284402402563e-10,1.4736568804805125e-09,"UEP is treated as the resulting signature of P0=P_corr+P_SACP+P_ICCP, not as an independent additive source."
shaft_modulation_n1,1000.0,3000.0,far_field_R_ge_3L,3.0,baseline_quasi_static_with_optional_conservative_diffusion,range_equatorial_to_axial,2.2104853207207687e-11,3.126098319989952e-11,4.4209706414415374e-11,2.2104853207207687e-11,4.4209706414415374e-11,2.3817225255639382e-20,-30.45757490560675,2.2104853207207687e-11,4.4209706414415374e-11,Shaft-rate line is modulation of P0. The baseline column does not include exp(-R/delta); the conservative column is sensitivity only.
shaft_modulation_n2,1000.0,3000.0,far_field_R_ge_3L,6.0,baseline_quasi_static_with_optional_conservative_diffusion,range_equatorial_to_axial,1.1052426603603843e-11,1.563049159994976e-11,2.2104853207207687e-11,1.1052426603603843e-11,2.2104853207207687e-11,2.298058543405217e-24,-36.47817481888638,1.1052426603603843e-11,2.2104853207207687e-11,Shaft-rate line is modulation of P0. The baseline column does not include exp(-R/delta); the conservative column is sensitivity only.
shaft_modulation_n3,1000.0,3000.0,far_field_R_ge_3L,9.0,baseline_quasi_static_with_optional_conservative_diffusion,range_equatorial_to_axial,7.368284402402563e-12,1.042032773329984e-11,1.4736568804805127e-11,7.368284402402563e-12,1.4736568804805127e-11,2.162886205306305e-27,-40.0,7.368284402402563e-12,1.4736568804805127e-11,Shaft-rate line is modulation of P0. The baseline column does not include exp(-R/delta); the conservative column is sensitivity only.
shaft_modulation_n4,1000.0,3000.0,far_field_R_ge_3L,12.0,baseline_quasi_static_with_optional_conservative_diffusion,range_equatorial_to_axial,5.526213301801922e-12,7.81524579997488e-12,1.1052426603603843e-11,5.526213301801922e-12,1.1052426603603843e-11,6.415561930681595e-30,-42.498774732166,5.526213301801922e-12,1.1052426603603843e-11,Shaft-rate line is modulation of P0. The baseline column does not include exp(-R/delta); the conservative column is sensitivity only.
shaft_modulation_n5,1000.0,3000.0,far_field_R_ge_3L,15.0,baseline_quasi_static_with_optional_conservative_diffusion,range_equatorial_to_axial,4.420970641441538e-12,6.252196639979904e-12,8.841941282883075e-12,4.420970641441538e-12,8.841941282883075e-12,3.9206883903599864e-32,-44.43697499232712,4.420970641441538e-12,8.841941282883075e-12,Shaft-rate line is modulation of P0. The baseline column does not include exp(-R/delta); the conservative column is sensitivity only.
UEP_result_signature_static_P0,3000.0,30.0,near_intermediate_estimate_R_lt_3L,0.0,baseline_quasi_static_far_field_dipole,range_equatorial_to_axial,0.002210485320720769,0.003126098319989952,0.004420970641441538,0.002210485320720769,0.004420970641441538,0.002210485320720769,0.0,0.002210485320720769,0.004420970641441538,"UEP is treated as the resulting signature of P0=P_corr+P_SACP+P_ICCP, not as an independent additive source."
shaft_modulation_n1,3000.0,30.0,near_intermediate_estimate_R_lt_3L,3.0,baseline_quasi_static_with_optional_conservative_diffusion,range_equatorial_to_axial,6.631455962162307e-05,9.378294959969856e-05,0.00013262911924324613,6.631455962162307e-05,0.00013262911924324613,5.394273040206352e-05,-30.45757490560675,6.631455962162307e-05,0.00013262911924324613,Shaft-rate line is modulation of P0. The baseline column does not include exp(-R/delta); the conservative column is sensitivity only.
shaft_modulation_n2,3000.0,30.0,near_intermediate_estimate_R_lt_3L,6.0,baseline_quasi_static_with_optional_conservative_diffusion,range_equatorial_to_axial,3.315727981081153e-05,4.689147479984928e-05,6.631455962162307e-05,3.315727981081153e-05,6.631455962162307e-05,2.476041553007663e-05,-36.47817481888638,3.315727981081153e-05,6.631455962162307e-05,Shaft-rate line is modulation of P0. The baseline column does not include exp(-R/delta); the conservative column is sensitivity only.
shaft_modulation_n3,3000.0,30.0,near_intermediate_estimate_R_lt_3L,9.0,baseline_quasi_static_with_optional_conservative_diffusion,range_equatorial_to_axial,2.210485320720769e-05,3.126098319989952e-05,4.420970641441538e-05,2.210485320720769e-05,4.420970641441538e-05,1.5458391715280946e-05,-40.0,2.210485320720769e-05,4.420970641441538e-05,Shaft-rate line is modulation of P0. The baseline column does not include exp(-R/delta); the conservative column is sensitivity only.
shaft_modulation_n4,3000.0,30.0,near_intermediate_estimate_R_lt_3L,12.0,baseline_quasi_static_with_optional_conservative_diffusion,range_equatorial_to_axial,1.6578639905405766e-05,2.344573739992464e-05,3.315727981081153e-05,1.6578639905405766e-05,3.315727981081153e-05,1.096975603786151e-05,-42.498774732166,1.6578639905405766e-05,3.315727981081153e-05,Shaft-rate line is modulation of P0. The baseline column does not include exp(-R/delta); the conservative column is sensitivity only.
shaft_modulation_n5,3000.0,30.0,near_intermediate_estimate_R_lt_3L,15.0,baseline_quasi_static_with_optional_conservative_diffusion,range_equatorial_to_axial,1.3262911924324614e-05,1.875658991993971e-05,2.6525823848649227e-05,1.3262911924324614e-05,2.6525823848649227e-05,8.358288020813415e-06,-44.43697499232712,1.3262911924324614e-05,2.6525823848649227e-05,Shaft-rate line is modulation of P0. The baseline column does not include exp(-R/delta); the conservative column is sensitivity only.
UEP_result_signature_static_P0,3000.0,50.0,near_intermediate_estimate_R_lt_3L,0.0,baseline_quasi_static_far_field_dipole,range_equatorial_to_axial,0.000477464829275686,0.0006752372371178297,0.000954929658551372,0.000477464829275686,0.000954929658551372,0.000477464829275686,0.0,0.000477464829275686,0.000954929658551372,"UEP is treated as the resulting signature of P0=P_corr+P_SACP+P_ICCP, not as an independent additive source."
shaft_modulation_n1,3000.0,50.0,near_intermediate_estimate_R_lt_3L,3.0,baseline_quasi_static_with_optional_conservative_diffusion,range_equatorial_to_axial,1.4323944878270581e-05,2.025711711353489e-05,2.8647889756541162e-05,1.4323944878270581e-05,2.8647889756541162e-05,1.015319436103483e-05,-30.45757490560675,1.4323944878270581e-05,2.8647889756541162e-05,Shaft-rate line is modulation of P0. The baseline column does not include exp(-R/delta); the conservative column is sensitivity only.
shaft_modulation_n2,3000.0,50.0,near_intermediate_estimate_R_lt_3L,6.0,baseline_quasi_static_with_optional_conservative_diffusion,range_equatorial_to_axial,7.1619724391352905e-06,1.0128558556767445e-05,1.4323944878270581e-05,7.1619724391352905e-06,1.4323944878270581e-05,4.402145264610503e-06,-36.47817481888638,7.1619724391352905e-06,1.4323944878270581e-05,Shaft-rate line is modulation of P0. The baseline column does not include exp(-R/delta); the conservative column is sensitivity only.
shaft_modulation_n3,3000.0,50.0,near_intermediate_estimate_R_lt_3L,9.0,baseline_quasi_static_with_optional_conservative_diffusion,range_equatorial_to_axial,4.774648292756861e-06,6.752372371178297e-06,9.549296585513721e-06,4.774648292756861e-06,9.549296585513721e-06,2.6306869749992202e-06,-40.0,4.774648292756861e-06,9.549296585513721e-06,Shaft-rate line is modulation of P0. The baseline column does not include exp(-R/delta); the conservative column is sensitivity only.
shaft_modulation_n4,3000.0,50.0,near_intermediate_estimate_R_lt_3L,12.0,baseline_quasi_static_with_optional_conservative_diffusion,range_equatorial_to_axial,3.5809862195676453e-06,5.064279278383722e-06,7.1619724391352905e-06,3.5809862195676453e-06,7.1619724391352905e-06,1.799213774714621e-06,-42.498774732166,3.5809862195676453e-06,7.1619724391352905e-06,Shaft-rate line is modulation of P0. The baseline column does not include exp(-R/delta); the conservative column is sensitivity only.
shaft_modulation_n5,3000.0,50.0,near_intermediate_estimate_R_lt_3L,15.0,baseline_quasi_static_with_optional_conservative_diffusion,range_equatorial_to_axial,2.864788975654116e-06,4.051423422706978e-06,5.729577951308232e-06,2.864788975654116e-06,5.729577951308232e-06,1.3270584397653663e-06,-44.43697499232712,2.864788975654116e-06,5.729577951308232e-06,Shaft-rate line is modulation of P0. The baseline column does not include exp(-R/delta); the conservative column is sensitivity only.
UEP_result_signature_static_P0,3000.0,100.0,near_intermediate_estimate_R_lt_3L,0.0,baseline_quasi_static_far_field_dipole,range_equatorial_to_axial,5.968310365946075e-05,8.440465463972871e-05,0.0001193662073189215,5.968310365946075e-05,0.0001193662073189215,5.968310365946075e-05,0.0,5.968310365946075e-05,0.0001193662073189215,"UEP is treated as the resulting signature of P0=P_corr+P_SACP+P_ICCP, not as an independent additive source."
shaft_modulation_n1,3000.0,100.0,near_intermediate_estimate_R_lt_3L,3.0,baseline_quasi_static_with_optional_conservative_diffusion,range_equatorial_to_axial,1.7904931097838226e-06,2.532139639191861e-06,3.5809862195676453e-06,1.7904931097838226e-06,3.5809862195676453e-06,8.996068873573105e-07,-30.45757490560675,1.7904931097838226e-06,3.5809862195676453e-06,Shaft-rate line is modulation of P0. The baseline column does not include exp(-R/delta); the conservative column is sensitivity only.
shaft_modulation_n2,3000.0,100.0,near_intermediate_estimate_R_lt_3L,6.0,baseline_quasi_static_with_optional_conservative_diffusion,range_equatorial_to_axial,8.952465548919113e-07,1.2660698195959306e-06,1.7904931097838226e-06,8.952465548919113e-07,1.7904931097838226e-06,3.382253124998133e-07,-36.47817481888638,8.952465548919113e-07,1.7904931097838226e-06,Shaft-rate line is modulation of P0. The baseline column does not include exp(-R/delta); the conservative column is sensitivity only.
shaft_modulation_n3,3000.0,100.0,near_intermediate_estimate_R_lt_3L,9.0,baseline_quasi_static_with_optional_conservative_diffusion,range_equatorial_to_axial,5.968310365946076e-07,8.440465463972871e-07,1.1936620731892152e-06,5.968310365946076e-07,1.1936620731892152e-06,1.8117863180961847e-07,-40.0,5.968310365946076e-07,1.1936620731892152e-06,Shaft-rate line is modulation of P0. The baseline column does not include exp(-R/delta); the conservative column is sensitivity only.
shaft_modulation_n4,3000.0,100.0,near_intermediate_estimate_R_lt_3L,12.0,baseline_quasi_static_with_optional_conservative_diffusion,range_equatorial_to_axial,4.4762327744595566e-07,6.330349097979653e-07,8.952465548919113e-07,4.4762327744595566e-07,8.952465548919113e-07,1.129985571235205e-07,-42.498774732166,4.4762327744595566e-07,8.952465548919113e-07,Shaft-rate line is modulation of P0. The baseline column does not include exp(-R/delta); the conservative column is sensitivity only.
shaft_modulation_n5,3000.0,100.0,near_intermediate_estimate_R_lt_3L,15.0,baseline_quasi_static_with_optional_conservative_diffusion,range_equatorial_to_axial,3.580986219567645e-07,5.064279278383723e-07,7.16197243913529e-07,3.580986219567645e-07,7.16197243913529e-07,7.684178998517598e-08,-44.43697499232712,3.580986219567645e-07,7.16197243913529e-07,Shaft-rate line is modulation of P0. The baseline column does not include exp(-R/delta); the conservative column is sensitivity only.
UEP_result_signature_static_P0,3000.0,300.0,far_field_R_ge_3L,0.0,baseline_quasi_static_far_field_dipole,range_equatorial_to_axial,2.2104853207207687e-06,3.126098319989952e-06,4.420970641441537e-06,2.2104853207207687e-06,4.420970641441537e-06,2.2104853207207687e-06,0.0,2.2104853207207687e-06,4.420970641441537e-06,"UEP is treated as the resulting signature of P0=P_corr+P_SACP+P_ICCP, not as an independent additive source."
shaft_modulation_n1,3000.0,300.0,far_field_R_ge_3L,3.0,baseline_quasi_static_with_optional_conservative_diffusion,range_equatorial_to_axial,6.631455962162305e-08,9.378294959969856e-08,1.326291192432461e-07,6.631455962162305e-08,1.326291192432461e-07,8.411031177971254e-09,-30.45757490560675,6.631455962162305e-08,1.326291192432461e-07,Shaft-rate line is modulation of P0. The baseline column does not include exp(-R/delta); the conservative column is sensitivity only.
shaft_modulation_n2,3000.0,300.0,far_field_R_ge_3L,6.0,baseline_quasi_static_with_optional_conservative_diffusion,range_equatorial_to_axial,3.3157279810811525e-08,4.689147479984928e-08,6.631455962162305e-08,3.3157279810811525e-08,6.631455962162305e-08,1.7880071005315415e-09,-36.47817481888638,3.3157279810811525e-08,6.631455962162305e-08,Shaft-rate line is modulation of P0. The baseline column does not include exp(-R/delta); the conservative column is sensitivity only.
shaft_modulation_n3,3000.0,300.0,far_field_R_ge_3L,9.0,baseline_quasi_static_with_optional_conservative_diffusion,range_equatorial_to_axial,2.2104853207207686e-08,3.126098319989952e-08,4.420970641441537e-08,2.2104853207207686e-08,4.420970641441537e-08,6.183784754618203e-10,-40.0,2.2104853207207686e-08,4.420970641441537e-08,Shaft-rate line is modulation of P0. The baseline column does not include exp(-R/delta); the conservative column is sensitivity only.
shaft_modulation_n4,3000.0,300.0,far_field_R_ge_3L,12.0,baseline_quasi_static_with_optional_conservative_diffusion,range_equatorial_to_axial,1.6578639905405763e-08,2.344573739992464e-08,3.3157279810811525e-08,1.6578639905405763e-08,3.3157279810811525e-08,2.6670404614183955e-10,-42.498774732166,1.6578639905405763e-08,3.3157279810811525e-08,Shaft-rate line is modulation of P0. The baseline column does not include exp(-R/delta); the conservative column is sensitivity only.
shaft_modulation_n5,3000.0,300.0,far_field_R_ge_3L,15.0,baseline_quasi_static_with_optional_conservative_diffusion,range_equatorial_to_axial,1.3262911924324612e-08,1.8756589919939712e-08,2.6525823848649224e-08,1.3262911924324612e-08,2.6525823848649224e-08,1.3104587505842967e-10,-44.43697499232712,1.3262911924324612e-08,2.6525823848649224e-08,Shaft-rate line is modulation of P0. The baseline column does not include exp(-R/delta); the conservative column is sensitivity only.
UEP_result_signature_static_P0,3000.0,500.0,far_field_R_ge_3L,0.0,baseline_quasi_static_far_field_dipole,range_equatorial_to_axial,4.77464829275686e-07,6.752372371178297e-07,9.54929658551372e-07,4.77464829275686e-07,9.54929658551372e-07,4.77464829275686e-07,0.0,4.77464829275686e-07,9.54929658551372e-07,"UEP is treated as the resulting signature of P0=P_corr+P_SACP+P_ICCP, not as an independent additive source."
shaft_modulation_n1,3000.0,500.0,far_field_R_ge_3L,3.0,baseline_quasi_static_with_optional_conservative_diffusion,range_equatorial_to_axial,1.432394487827058e-08,2.0257117113534888e-08,2.864788975654116e-08,1.432394487827058e-08,2.864788975654116e-08,4.5863081287954893e-10,-30.45757490560675,1.432394487827058e-08,2.864788975654116e-08,Shaft-rate line is modulation of P0. The baseline column does not include exp(-R/delta); the conservative column is sensitivity only.
shaft_modulation_n2,3000.0,500.0,far_field_R_ge_3L,6.0,baseline_quasi_static_with_optional_conservative_diffusion,range_equatorial_to_axial,7.16197243913529e-09,1.0128558556767444e-08,1.432394487827058e-08,7.16197243913529e-09,1.432394487827058e-08,5.51251630273442e-11,-36.47817481888638,7.16197243913529e-09,1.432394487827058e-08,Shaft-rate line is modulation of P0. The baseline column does not include exp(-R/delta); the conservative column is sensitivity only.
shaft_modulation_n3,3000.0,500.0,far_field_R_ge_3L,9.0,baseline_quasi_static_with_optional_conservative_diffusion,range_equatorial_to_axial,4.77464829275686e-09,6.752372371178297e-09,9.54929658551372e-09,4.77464829275686e-09,9.54929658551372e-09,1.2308900699132474e-11,-40.0,4.77464829275686e-09,9.54929658551372e-09,Shaft-rate line is modulation of P0. The baseline column does not include exp(-R/delta); the conservative column is sensitivity only.
shaft_modulation_n4,3000.0,500.0,far_field_R_ge_3L,12.0,baseline_quasi_static_with_optional_conservative_diffusion,range_equatorial_to_axial,3.580986219567645e-09,5.064279278383722e-09,7.16197243913529e-09,3.580986219567645e-09,7.16197243913529e-09,3.671164338981173e-12,-42.498774732166,3.580986219567645e-09,7.16197243913529e-09,Shaft-rate line is modulation of P0. The baseline column does not include exp(-R/delta); the conservative column is sensitivity only.
shaft_modulation_n5,3000.0,500.0,far_field_R_ge_3L,15.0,baseline_quasi_static_with_optional_conservative_diffusion,range_equatorial_to_axial,2.8647889756541163e-09,4.051423422706978e-09,5.729577951308233e-09,2.8647889756541163e-09,5.729577951308233e-09,1.3033670955370392e-12,-44.43697499232712,2.8647889756541163e-09,5.729577951308233e-09,Shaft-rate line is modulation of P0. The baseline column does not include exp(-R/delta); the conservative column is sensitivity only.
UEP_result_signature_static_P0,3000.0,1000.0,far_field_R_ge_3L,0.0,baseline_quasi_static_far_field_dipole,range_equatorial_to_axial,5.968310365946075e-08,8.440465463972871e-08,1.193662073189215e-07,5.968310365946075e-08,1.193662073189215e-07,5.968310365946075e-08,0.0,5.968310365946075e-08,1.193662073189215e-07,"UEP is treated as the resulting signature of P0=P_corr+P_SACP+P_ICCP, not as an independent additive source."
shaft_modulation_n1,3000.0,1000.0,far_field_R_ge_3L,3.0,baseline_quasi_static_with_optional_conservative_diffusion,range_equatorial_to_axial,1.7904931097838224e-09,2.532139639191861e-09,3.580986219567645e-09,1.7904931097838224e-09,3.580986219567645e-09,1.8355821694905863e-12,-30.45757490560675,1.7904931097838224e-09,3.580986219567645e-09,Shaft-rate line is modulation of P0. The baseline column does not include exp(-R/delta); the conservative column is sensitivity only.
shaft_modulation_n2,3000.0,1000.0,far_field_R_ge_3L,6.0,baseline_quasi_static_with_optional_conservative_diffusion,range_equatorial_to_axial,8.952465548919112e-10,1.2660698195959305e-09,1.7904931097838224e-09,8.952465548919112e-10,1.7904931097838224e-09,5.3036779054510156e-14,-36.47817481888638,8.952465548919112e-10,1.7904931097838224e-09,Shaft-rate line is modulation of P0. The baseline column does not include exp(-R/delta); the conservative column is sensitivity only.
shaft_modulation_n3,3000.0,1000.0,far_field_R_ge_3L,9.0,baseline_quasi_static_with_optional_conservative_diffusion,range_equatorial_to_axial,5.968310365946075e-10,8.440465463972872e-10,1.193662073189215e-09,5.968310365946075e-10,1.193662073189215e-09,3.9664972981084036e-15,-40.0,5.968310365946075e-10,1.193662073189215e-09,Shaft-rate line is modulation of P0. The baseline column does not include exp(-R/delta); the conservative column is sensitivity only.
shaft_modulation_n4,3000.0,1000.0,far_field_R_ge_3L,12.0,baseline_quasi_static_with_optional_conservative_diffusion,range_equatorial_to_axial,4.476232774459556e-10,6.330349097979653e-10,8.952465548919112e-10,4.476232774459556e-10,8.952465548919112e-10,4.704516709029072e-16,-42.498774732166,4.476232774459556e-10,8.952465548919112e-10,Shaft-rate line is modulation of P0. The baseline column does not include exp(-R/delta); the conservative column is sensitivity only.
shaft_modulation_n5,3000.0,1000.0,far_field_R_ge_3L,15.0,baseline_quasi_static_with_optional_conservative_diffusion,range_equatorial_to_axial,3.5809862195676454e-10,5.064279278383723e-10,7.161972439135291e-10,3.5809862195676454e-10,7.161972439135291e-10,7.412264045298393e-17,-44.43697499232712,3.5809862195676454e-10,7.161972439135291e-10,Shaft-rate line is modulation of P0. The baseline column does not include exp(-R/delta); the conservative column is sensitivity only.
UEP_result_signature_static_P0,3000.0,3000.0,far_field_R_ge_3L,0.0,baseline_quasi_static_far_field_dipole,range_equatorial_to_axial,2.210485320720769e-09,3.1260983199899524e-09,4.420970641441538e-09,2.210485320720769e-09,4.420970641441538e-09,2.210485320720769e-09,0.0,2.210485320720769e-09,4.420970641441538e-09,"UEP is treated as the resulting signature of P0=P_corr+P_SACP+P_ICCP, not as an independent additive source."
shaft_modulation_n1,3000.0,3000.0,far_field_R_ge_3L,3.0,baseline_quasi_static_with_optional_conservative_diffusion,range_equatorial_to_axial,6.631455962162307e-11,9.378294959969857e-11,1.3262911924324613e-10,6.631455962162307e-11,1.3262911924324613e-10,7.145167576691815e-20,-30.45757490560675,6.631455962162307e-11,1.3262911924324613e-10,Shaft-rate line is modulation of P0. The baseline column does not include exp(-R/delta); the conservative column is sensitivity only.
shaft_modulation_n2,3000.0,3000.0,far_field_R_ge_3L,6.0,baseline_quasi_static_with_optional_conservative_diffusion,range_equatorial_to_axial,3.3157279810811533e-11,4.689147479984928e-11,6.631455962162307e-11,3.3157279810811533e-11,6.631455962162307e-11,6.894175630215652e-24,-36.47817481888638,3.3157279810811533e-11,6.631455962162307e-11,Shaft-rate line is modulation of P0. The baseline column does not include exp(-R/delta); the conservative column is sensitivity only.
shaft_modulation_n3,3000.0,3000.0,far_field_R_ge_3L,9.0,baseline_quasi_static_with_optional_conservative_diffusion,range_equatorial_to_axial,2.210485320720769e-11,3.1260983199899526e-11,4.420970641441538e-11,2.210485320720769e-11,4.420970641441538e-11,6.488658615918915e-27,-40.0,2.210485320720769e-11,4.420970641441538e-11,Shaft-rate line is modulation of P0. The baseline column does not include exp(-R/delta); the conservative column is sensitivity only.
shaft_modulation_n4,3000.0,3000.0,far_field_R_ge_3L,12.0,baseline_quasi_static_with_optional_conservative_diffusion,range_equatorial_to_axial,1.6578639905405767e-11,2.344573739992464e-11,3.3157279810811533e-11,1.6578639905405767e-11,3.3157279810811533e-11,1.9246685792044785e-29,-42.498774732166,1.6578639905405767e-11,3.3157279810811533e-11,Shaft-rate line is modulation of P0. The baseline column does not include exp(-R/delta); the conservative column is sensitivity only.
shaft_modulation_n5,3000.0,3000.0,far_field_R_ge_3L,15.0,baseline_quasi_static_with_optional_conservative_diffusion,range_equatorial_to_axial,1.3262911924324613e-11,1.8756589919939716e-11,2.6525823848649226e-11,1.3262911924324613e-11,2.6525823848649226e-11,1.176206517107996e-31,-44.43697499232712,1.3262911924324613e-11,2.6525823848649226e-11,Shaft-rate line is modulation of P0. The baseline column does not include exp(-R/delta); the conservative column is sensitivity only.
